product,source,surface_sha256,routing_sha256,source_revision,element,meaning,conditions_scope,consumer_decision,current_representation,owner,destination,disposition,exact_reference,structural_evidence,positive_evidence,negative_evidence,status
Mongoeco,src/mongoeco/wire/surface.py; src/mongoeco/wire/capabilities.py,86210db786b19c1135252e94c7ba3ff090c8db6acc0fa2b0a235aa2baf0f9264,ac0145f37397815730831e69c9dfaeb43b75d73f8b811093ef470da365379eb1,3c227c5e2686368d566d9f4c2f2c9f61287de615,/supported_commands/abortTransaction,Local wire command abortTransaction; routing kind=abort_transaction; family=transactions,Selected local wire proxy connection and database; command payload and effects remain Mongoeco-owned,PyMongo sends command and consumes response; no inspected exchange consumer compares this command name,WireSurface.supported_commands; resolve_wire_command_capability,Mongoeco,Mongoeco operational command contract; no exchange claim for inspected consumers,owner_operational; no_exchange_consumer_found_in_inspected_repos,src/mongoeco/wire/surface.py#WIRE_SUPPORTED_COMMANDS; src/mongoeco/wire/capabilities.py#resolve_wire_command_capability(abortTransaction),tests/unit/wire/test_proxy.py::WireProxyUnitTests::test_wire_surface_declares_supported_commands_and_opcodes,tests/unit/wire/test_proxy.py::WireProxyAsyncUnitTests::test_executor_handles_kill_logout_and_transaction_commands,tests/unit/wire/test_proxy.py::WireProxyUnitTests::test_session_store_validates_end_sessions_and_transaction_requirements,bounded_behavior_verified; exchange_classified_owner_operational
Mongoeco,src/mongoeco/wire/surface.py; src/mongoeco/wire/capabilities.py,86210db786b19c1135252e94c7ba3ff090c8db6acc0fa2b0a235aa2baf0f9264,ac0145f37397815730831e69c9dfaeb43b75d73f8b811093ef470da365379eb1,3c227c5e2686368d566d9f4c2f2c9f61287de615,/supported_commands/aggregate,Local wire command aggregate; routing kind=passthrough; family=admin_read,Selected local wire proxy connection and database; command payload and effects remain Mongoeco-owned,PyMongo sends command and consumes response; no inspected exchange consumer compares this command name,WireSurface.supported_commands; resolve_wire_command_capability; database command catalog,Mongoeco,Mongoeco operational command contract; no exchange claim for inspected consumers,owner_operational; no_exchange_consumer_found_in_inspected_repos,src/mongoeco/wire/surface.py#WIRE_SUPPORTED_COMMANDS; src/mongoeco/wire/capabilities.py#resolve_wire_command_capability(aggregate),tests/unit/test_database_commands.py::AsyncDatabaseCommandServiceTests::test_advertised_database_commands_have_owner_contracts,tests/integration/wire/test_proxy.py::WireProxyIntegrationTests::test_proxy_supports_ping_insert_find_and_aggregate_through_pymongo,tests/integration/wire/test_proxy.py::WireProxyIntegrationTests::test_proxy_surfaces_database_command_shape_errors_through_pymongo,bounded_behavior_verified; exchange_classified_owner_operational
Mongoeco,src/mongoeco/wire/surface.py; src/mongoeco/wire/capabilities.py,86210db786b19c1135252e94c7ba3ff090c8db6acc0fa2b0a235aa2baf0f9264,ac0145f37397815730831e69c9dfaeb43b75d73f8b811093ef470da365379eb1,3c227c5e2686368d566d9f4c2f2c9f61287de615,/supported_commands/authenticate,Local wire command authenticate; routing kind=authenticate; family=auth,Selected local wire proxy connection and database; command payload and effects remain Mongoeco-owned,PyMongo sends command and consumes response; no inspected exchange consumer compares this command name,WireSurface.supported_commands; resolve_wire_command_capability,Mongoeco,Mongoeco operational command contract; no exchange claim for inspected consumers,owner_operational; no_exchange_consumer_found_in_inspected_repos,src/mongoeco/wire/surface.py#WIRE_SUPPORTED_COMMANDS; src/mongoeco/wire/capabilities.py#resolve_wire_command_capability(authenticate),tests/unit/wire/test_proxy.py::WireProxyUnitTests::test_wire_surface_declares_supported_commands_and_opcodes,tests/unit/wire/test_proxy.py::WireProxyUnitTests::test_authentication_service_authenticates_logout_and_requires_auth,tests/unit/wire/test_proxy.py::WireProxyAsyncUnitTests::test_executor_validates_auth_session_and_cursor_shapes_early,bounded_behavior_verified; exchange_classified_owner_operational
Mongoeco,src/mongoeco/wire/surface.py; src/mongoeco/wire/capabilities.py,86210db786b19c1135252e94c7ba3ff090c8db6acc0fa2b0a235aa2baf0f9264,ac0145f37397815730831e69c9dfaeb43b75d73f8b811093ef470da365379eb1,3c227c5e2686368d566d9f4c2f2c9f61287de615,/supported_commands/buildInfo,Local wire command buildInfo; routing kind=passthrough; family=admin_introspection,Selected local wire proxy connection and database; command payload and effects remain Mongoeco-owned,PyMongo sends command and consumes response; no inspected exchange consumer compares this command name,WireSurface.supported_commands; resolve_wire_command_capability; database command catalog,Mongoeco,Mongoeco operational command contract; no exchange claim for inspected consumers,owner_operational; no_exchange_consumer_found_in_inspected_repos,src/mongoeco/wire/surface.py#WIRE_SUPPORTED_COMMANDS; src/mongoeco/wire/capabilities.py#resolve_wire_command_capability(buildInfo),tests/unit/test_database_commands.py::AsyncDatabaseCommandServiceTests::test_advertised_database_commands_have_owner_contracts,tests/integration/wire/test_proxy.py::WireProxyIntegrationTests::test_proxy_supports_admin_introspection_and_profile_commands_through_pymongo,tests/integration/wire/test_proxy.py::WireProxyIntegrationTests::test_proxy_rejects_invalid_introspection_command_values_through_pymongo,bounded_behavior_verified; exchange_classified_owner_operational
Mongoeco,src/mongoeco/wire/surface.py; src/mongoeco/wire/capabilities.py,86210db786b19c1135252e94c7ba3ff090c8db6acc0fa2b0a235aa2baf0f9264,ac0145f37397815730831e69c9dfaeb43b75d73f8b811093ef470da365379eb1,3c227c5e2686368d566d9f4c2f2c9f61287de615,/supported_commands/collStats,Local wire command collStats; routing kind=passthrough; family=admin_stats,Selected local wire proxy connection and database; command payload and effects remain Mongoeco-owned,PyMongo sends command and consumes response; no inspected exchange consumer compares this command name,WireSurface.supported_commands; resolve_wire_command_capability; database command catalog,Mongoeco,Mongoeco operational command contract; no exchange claim for inspected consumers,owner_operational; no_exchange_consumer_found_in_inspected_repos,src/mongoeco/wire/surface.py#WIRE_SUPPORTED_COMMANDS; src/mongoeco/wire/capabilities.py#resolve_wire_command_capability(collStats),tests/unit/test_database_commands.py::AsyncDatabaseCommandServiceTests::test_advertised_database_commands_have_owner_contracts,tests/integration/wire/test_proxy.py::WireProxyIntegrationTests::test_proxy_supports_admin_listing_stats_and_index_surfaces_through_pymongo,tests/integration/wire/test_proxy.py::WireProxyIntegrationTests::test_proxy_surfaces_database_command_shape_errors_through_pymongo,bounded_behavior_verified; exchange_classified_owner_operational
Mongoeco,src/mongoeco/wire/surface.py; src/mongoeco/wire/capabilities.py,86210db786b19c1135252e94c7ba3ff090c8db6acc0fa2b0a235aa2baf0f9264,ac0145f37397815730831e69c9dfaeb43b75d73f8b811093ef470da365379eb1,3c227c5e2686368d566d9f4c2f2c9f61287de615,/supported_commands/commitTransaction,Local wire command commitTransaction; routing kind=commit_transaction; family=transactions,Selected local wire proxy connection and database; command payload and effects remain Mongoeco-owned,PyMongo sends command and consumes response; no inspected exchange consumer compares this command name,WireSurface.supported_commands; resolve_wire_command_capability,Mongoeco,Mongoeco operational command contract; no exchange claim for inspected consumers,owner_operational; no_exchange_consumer_found_in_inspected_repos,src/mongoeco/wire/surface.py#WIRE_SUPPORTED_COMMANDS; src/mongoeco/wire/capabilities.py#resolve_wire_command_capability(commitTransaction),tests/unit/wire/test_proxy.py::WireProxyUnitTests::test_wire_surface_declares_supported_commands_and_opcodes,tests/unit/wire/test_proxy.py::WireProxyAsyncUnitTests::test_executor_handles_kill_logout_and_transaction_commands,tests/unit/wire/test_proxy.py::WireProxyAsyncUnitTests::test_executor_validates_auth_session_and_cursor_shapes_early,bounded_behavior_verified; exchange_classified_owner_operational
Mongoeco,src/mongoeco/wire/surface.py; src/mongoeco/wire/capabilities.py,86210db786b19c1135252e94c7ba3ff090c8db6acc0fa2b0a235aa2baf0f9264,ac0145f37397815730831e69c9dfaeb43b75d73f8b811093ef470da365379eb1,3c227c5e2686368d566d9f4c2f2c9f61287de615,/supported_commands/configureFailPoint,Local wire command configureFailPoint; routing kind=passthrough; family=admin_control,Selected local wire proxy connection and database; command payload and effects remain Mongoeco-owned,PyMongo sends command and consumes response; no inspected exchange consumer compares this command name,WireSurface.supported_commands; resolve_wire_command_capability; database command catalog,Mongoeco,Mongoeco operational command contract; no exchange claim for inspected consumers,owner_operational; no_exchange_consumer_found_in_inspected_repos,src/mongoeco/wire/surface.py#WIRE_SUPPORTED_COMMANDS; src/mongoeco/wire/capabilities.py#resolve_wire_command_capability(configureFailPoint),tests/unit/test_database_commands.py::AsyncDatabaseCommandServiceTests::test_advertised_database_commands_have_owner_contracts,tests/unit/wire/test_proxy.py::WireProxyAsyncUnitTests::test_executor_wire_failpoint_is_local_fail_command_only,tests/unit/wire/test_proxy.py::WireProxyAsyncUnitTests::test_executor_wire_failpoint_is_local_fail_command_only,bounded_behavior_verified; exchange_classified_owner_operational
Mongoeco,src/mongoeco/wire/surface.py; src/mongoeco/wire/capabilities.py,86210db786b19c1135252e94c7ba3ff090c8db6acc0fa2b0a235aa2baf0f9264,ac0145f37397815730831e69c9dfaeb43b75d73f8b811093ef470da365379eb1,3c227c5e2686368d566d9f4c2f2c9f61287de615,/supported_commands/connectionStatus,Local wire command connectionStatus; routing kind=passthrough; family=admin_status,Selected local wire proxy connection and database; command payload and effects remain Mongoeco-owned,PyMongo sends command and consumes response; no inspected exchange consumer compares this command name,WireSurface.supported_commands; resolve_wire_command_capability; database command catalog,Mongoeco,Mongoeco operational command contract; no exchange claim for inspected consumers,owner_operational; no_exchange_consumer_found_in_inspected_repos,src/mongoeco/wire/surface.py#WIRE_SUPPORTED_COMMANDS; src/mongoeco/wire/capabilities.py#resolve_wire_command_capability(connectionStatus),tests/unit/test_database_commands.py::AsyncDatabaseCommandServiceTests::test_advertised_database_commands_have_owner_contracts,tests/unit/wire/test_proxy.py::WireProxyAsyncUnitTests::test_executor_connection_status_rewrites_auth_info_from_connection,tests/unit/wire/test_proxy.py::WireProxyAsyncUnitTests::test_executor_validates_passthrough_command_payload_shapes_early,bounded_behavior_verified; exchange_classified_owner_operational
Mongoeco,src/mongoeco/wire/surface.py; src/mongoeco/wire/capabilities.py,86210db786b19c1135252e94c7ba3ff090c8db6acc0fa2b0a235aa2baf0f9264,ac0145f37397815730831e69c9dfaeb43b75d73f8b811093ef470da365379eb1,3c227c5e2686368d566d9f4c2f2c9f61287de615,/supported_commands/count,Local wire command count; routing kind=passthrough; family=admin_read,Selected local wire proxy connection and database; command payload and effects remain Mongoeco-owned,PyMongo sends command and consumes response; no inspected exchange consumer compares this command name,WireSurface.supported_commands; resolve_wire_command_capability; database command catalog,Mongoeco,Mongoeco operational command contract; no exchange claim for inspected consumers,owner_operational; no_exchange_consumer_found_in_inspected_repos,src/mongoeco/wire/surface.py#WIRE_SUPPORTED_COMMANDS; src/mongoeco/wire/capabilities.py#resolve_wire_command_capability(count),tests/unit/test_database_commands.py::AsyncDatabaseCommandServiceTests::test_advertised_database_commands_have_owner_contracts,tests/integration/wire/test_proxy.py::WireProxyIntegrationTests::test_proxy_supports_count_distinct_validate_and_explain_through_pymongo_commands,tests/integration/wire/test_proxy.py::WireProxyIntegrationTests::test_proxy_surfaces_database_command_shape_errors_through_pymongo,bounded_behavior_verified; exchange_classified_owner_operational
Mongoeco,src/mongoeco/wire/surface.py; src/mongoeco/wire/capabilities.py,86210db786b19c1135252e94c7ba3ff090c8db6acc0fa2b0a235aa2baf0f9264,ac0145f37397815730831e69c9dfaeb43b75d73f8b811093ef470da365379eb1,3c227c5e2686368d566d9f4c2f2c9f61287de615,/supported_commands/create,Local wire command create; routing kind=passthrough; family=admin_namespace,Selected local wire proxy connection and database; command payload and effects remain Mongoeco-owned,PyMongo sends command and consumes response; no inspected exchange consumer compares this command name,WireSurface.supported_commands; resolve_wire_command_capability; database command catalog,Mongoeco,Mongoeco operational command contract; no exchange claim for inspected consumers,owner_operational; no_exchange_consumer_found_in_inspected_repos,src/mongoeco/wire/surface.py#WIRE_SUPPORTED_COMMANDS; src/mongoeco/wire/capabilities.py#resolve_wire_command_capability(create),tests/unit/test_database_commands.py::AsyncDatabaseCommandServiceTests::test_advertised_database_commands_have_owner_contracts,tests/integration/wire/test_proxy.py::WireProxyIntegrationTests::test_proxy_create_and_drop_preserve_namespace_on_invalid_names,tests/integration/wire/test_proxy.py::WireProxyIntegrationTests::test_proxy_create_and_drop_preserve_namespace_on_invalid_names,bounded_behavior_verified; exchange_classified_owner_operational
Mongoeco,src/mongoeco/wire/surface.py; src/mongoeco/wire/capabilities.py,86210db786b19c1135252e94c7ba3ff090c8db6acc0fa2b0a235aa2baf0f9264,ac0145f37397815730831e69c9dfaeb43b75d73f8b811093ef470da365379eb1,3c227c5e2686368d566d9f4c2f2c9f61287de615,/supported_commands/createIndexes,Local wire command createIndexes; routing kind=passthrough; family=admin_index,Selected local wire proxy connection and database; command payload and effects remain Mongoeco-owned,PyMongo sends command and consumes response; no inspected exchange consumer compares this command name,WireSurface.supported_commands; resolve_wire_command_capability; database command catalog,Mongoeco,Mongoeco operational command contract; no exchange claim for inspected consumers,owner_operational; no_exchange_consumer_found_in_inspected_repos,src/mongoeco/wire/surface.py#WIRE_SUPPORTED_COMMANDS; src/mongoeco/wire/capabilities.py#resolve_wire_command_capability(createIndexes),tests/unit/test_database_commands.py::AsyncDatabaseCommandServiceTests::test_advertised_database_commands_have_owner_contracts,tests/integration/wire/test_proxy.py::WireProxyIntegrationTests::test_proxy_supports_admin_listing_stats_and_index_surfaces_through_pymongo,tests/integration/wire/test_proxy.py::WireProxyIntegrationTests::test_proxy_surfaces_database_command_shape_errors_through_pymongo,bounded_behavior_verified; exchange_classified_owner_operational
Mongoeco,src/mongoeco/wire/surface.py; src/mongoeco/wire/capabilities.py,86210db786b19c1135252e94c7ba3ff090c8db6acc0fa2b0a235aa2baf0f9264,ac0145f37397815730831e69c9dfaeb43b75d73f8b811093ef470da365379eb1,3c227c5e2686368d566d9f4c2f2c9f61287de615,/supported_commands/currentOp,Local wire command currentOp; routing kind=passthrough; family=admin_control,Selected local wire proxy connection and database; command payload and effects remain Mongoeco-owned,PyMongo sends command and consumes response; no inspected exchange consumer compares this command name,WireSurface.supported_commands; resolve_wire_command_capability; database command catalog,Mongoeco,Mongoeco operational command contract; no exchange claim for inspected consumers,owner_operational; no_exchange_consumer_found_in_inspected_repos,src/mongoeco/wire/surface.py#WIRE_SUPPORTED_COMMANDS; src/mongoeco/wire/capabilities.py#resolve_wire_command_capability(currentOp),tests/unit/test_database_commands.py::AsyncDatabaseCommandServiceTests::test_advertised_database_commands_have_owner_contracts,tests/integration/wire/test_proxy.py::WireProxyIntegrationTests::test_proxy_current_op_and_kill_op_validate_operational_ids,tests/integration/wire/test_proxy.py::WireProxyIntegrationTests::test_proxy_current_op_and_kill_op_validate_operational_ids,bounded_behavior_verified; exchange_classified_owner_operational
Mongoeco,src/mongoeco/wire/surface.py; src/mongoeco/wire/capabilities.py,86210db786b19c1135252e94c7ba3ff090c8db6acc0fa2b0a235aa2baf0f9264,ac0145f37397815730831e69c9dfaeb43b75d73f8b811093ef470da365379eb1,3c227c5e2686368d566d9f4c2f2c9f61287de615,/supported_commands/dbHash,Local wire command dbHash; routing kind=passthrough; family=admin_introspection,Selected local wire proxy connection and database; command payload and effects remain Mongoeco-owned,PyMongo sends command and consumes response; no inspected exchange consumer compares this command name,WireSurface.supported_commands; resolve_wire_command_capability; database command catalog,Mongoeco,Mongoeco operational command contract; no exchange claim for inspected consumers,owner_operational; no_exchange_consumer_found_in_inspected_repos,src/mongoeco/wire/surface.py#WIRE_SUPPORTED_COMMANDS; src/mongoeco/wire/capabilities.py#resolve_wire_command_capability(dbHash),tests/unit/test_database_commands.py::AsyncDatabaseCommandServiceTests::test_advertised_database_commands_have_owner_contracts,tests/integration/wire/test_proxy.py::WireProxyIntegrationTests::test_proxy_supports_admin_introspection_and_profile_commands_through_pymongo,tests/integration/wire/test_proxy.py::WireProxyIntegrationTests::test_proxy_surfaces_database_command_shape_errors_through_pymongo,bounded_behavior_verified; exchange_classified_owner_operational
Mongoeco,src/mongoeco/wire/surface.py; src/mongoeco/wire/capabilities.py,86210db786b19c1135252e94c7ba3ff090c8db6acc0fa2b0a235aa2baf0f9264,ac0145f37397815730831e69c9dfaeb43b75d73f8b811093ef470da365379eb1,3c227c5e2686368d566d9f4c2f2c9f61287de615,/supported_commands/dbStats,Local wire command dbStats; routing kind=passthrough; family=admin_stats,Selected local wire proxy connection and database; command payload and effects remain Mongoeco-owned,PyMongo sends command and consumes response; no inspected exchange consumer compares this command name,WireSurface.supported_commands; resolve_wire_command_capability; database command catalog,Mongoeco,Mongoeco operational command contract; no exchange claim for inspected consumers,owner_operational; no_exchange_consumer_found_in_inspected_repos,src/mongoeco/wire/surface.py#WIRE_SUPPORTED_COMMANDS; src/mongoeco/wire/capabilities.py#resolve_wire_command_capability(dbStats),tests/unit/test_database_commands.py::AsyncDatabaseCommandServiceTests::test_advertised_database_commands_have_owner_contracts,tests/unit/wire/test_proxy.py::WireProxyAsyncUnitTests::test_executor_passthrough_admin_commands_materialize_cursor_and_document_shapes,tests/unit/wire/test_proxy.py::WireProxyAsyncUnitTests::test_executor_validates_passthrough_command_payload_shapes_early,bounded_behavior_verified; exchange_classified_owner_operational
Mongoeco,src/mongoeco/wire/surface.py; src/mongoeco/wire/capabilities.py,86210db786b19c1135252e94c7ba3ff090c8db6acc0fa2b0a235aa2baf0f9264,ac0145f37397815730831e69c9dfaeb43b75d73f8b811093ef470da365379eb1,3c227c5e2686368d566d9f4c2f2c9f61287de615,/supported_commands/delete,Local wire command delete; routing kind=passthrough; family=admin_write,Selected local wire proxy connection and database; command payload and effects remain Mongoeco-owned,PyMongo sends command and consumes response; no inspected exchange consumer compares this command name,WireSurface.supported_commands; resolve_wire_command_capability; database command catalog,Mongoeco,Mongoeco operational command contract; no exchange claim for inspected consumers,owner_operational; no_exchange_consumer_found_in_inspected_repos,src/mongoeco/wire/surface.py#WIRE_SUPPORTED_COMMANDS; src/mongoeco/wire/capabilities.py#resolve_wire_command_capability(delete),tests/unit/test_database_commands.py::AsyncDatabaseCommandServiceTests::test_advertised_database_commands_have_owner_contracts,tests/integration/wire/test_proxy.py::WireProxyIntegrationTests::test_proxy_server_status_reports_live_local_opcounters,tests/unit/wire/test_proxy.py::WireProxyAsyncUnitTests::test_executor_validates_passthrough_command_payload_shapes_early,bounded_behavior_verified; exchange_classified_owner_operational
Mongoeco,src/mongoeco/wire/surface.py; src/mongoeco/wire/capabilities.py,86210db786b19c1135252e94c7ba3ff090c8db6acc0fa2b0a235aa2baf0f9264,ac0145f37397815730831e69c9dfaeb43b75d73f8b811093ef470da365379eb1,3c227c5e2686368d566d9f4c2f2c9f61287de615,/supported_commands/distinct,Local wire command distinct; routing kind=passthrough; family=admin_read,Selected local wire proxy connection and database; command payload and effects remain Mongoeco-owned,PyMongo sends command and consumes response; no inspected exchange consumer compares this command name,WireSurface.supported_commands; resolve_wire_command_capability; database command catalog,Mongoeco,Mongoeco operational command contract; no exchange claim for inspected consumers,owner_operational; no_exchange_consumer_found_in_inspected_repos,src/mongoeco/wire/surface.py#WIRE_SUPPORTED_COMMANDS; src/mongoeco/wire/capabilities.py#resolve_wire_command_capability(distinct),tests/unit/test_database_commands.py::AsyncDatabaseCommandServiceTests::test_advertised_database_commands_have_owner_contracts,tests/integration/wire/test_proxy.py::WireProxyIntegrationTests::test_proxy_supports_count_distinct_validate_and_explain_through_pymongo_commands,tests/integration/wire/test_proxy.py::WireProxyIntegrationTests::test_proxy_surfaces_database_command_shape_errors_through_pymongo,bounded_behavior_verified; exchange_classified_owner_operational
Mongoeco,src/mongoeco/wire/surface.py; src/mongoeco/wire/capabilities.py,86210db786b19c1135252e94c7ba3ff090c8db6acc0fa2b0a235aa2baf0f9264,ac0145f37397815730831e69c9dfaeb43b75d73f8b811093ef470da365379eb1,3c227c5e2686368d566d9f4c2f2c9f61287de615,/supported_commands/drop,Local wire command drop; routing kind=passthrough; family=admin_namespace,Selected local wire proxy connection and database; command payload and effects remain Mongoeco-owned,PyMongo sends command and consumes response; no inspected exchange consumer compares this command name,WireSurface.supported_commands; resolve_wire_command_capability; database command catalog,Mongoeco,Mongoeco operational command contract; no exchange claim for inspected consumers,owner_operational; no_exchange_consumer_found_in_inspected_repos,src/mongoeco/wire/surface.py#WIRE_SUPPORTED_COMMANDS; src/mongoeco/wire/capabilities.py#resolve_wire_command_capability(drop),tests/unit/test_database_commands.py::AsyncDatabaseCommandServiceTests::test_advertised_database_commands_have_owner_contracts,tests/integration/wire/test_proxy.py::WireProxyIntegrationTests::test_proxy_create_and_drop_preserve_namespace_on_invalid_names,tests/integration/wire/test_proxy.py::WireProxyIntegrationTests::test_proxy_create_and_drop_preserve_namespace_on_invalid_names,bounded_behavior_verified; exchange_classified_owner_operational
Mongoeco,src/mongoeco/wire/surface.py; src/mongoeco/wire/capabilities.py,86210db786b19c1135252e94c7ba3ff090c8db6acc0fa2b0a235aa2baf0f9264,ac0145f37397815730831e69c9dfaeb43b75d73f8b811093ef470da365379eb1,3c227c5e2686368d566d9f4c2f2c9f61287de615,/supported_commands/dropDatabase,Local wire command dropDatabase; routing kind=passthrough; family=admin_namespace,Selected local wire proxy connection and database; command payload and effects remain Mongoeco-owned,PyMongo sends command and consumes response; no inspected exchange consumer compares this command name,WireSurface.supported_commands; resolve_wire_command_capability; database command catalog,Mongoeco,Mongoeco operational command contract; no exchange claim for inspected consumers,owner_operational; no_exchange_consumer_found_in_inspected_repos,src/mongoeco/wire/surface.py#WIRE_SUPPORTED_COMMANDS; src/mongoeco/wire/capabilities.py#resolve_wire_command_capability(dropDatabase),tests/unit/test_database_commands.py::AsyncDatabaseCommandServiceTests::test_advertised_database_commands_have_owner_contracts,tests/unit/wire/test_proxy.py::WireProxyAsyncUnitTests::test_wire_rename_and_drop_database_preserve_invalid_input,tests/unit/wire/test_proxy.py::WireProxyAsyncUnitTests::test_wire_rename_and_drop_database_preserve_invalid_input,bounded_behavior_verified; exchange_classified_owner_operational
Mongoeco,src/mongoeco/wire/surface.py; src/mongoeco/wire/capabilities.py,86210db786b19c1135252e94c7ba3ff090c8db6acc0fa2b0a235aa2baf0f9264,ac0145f37397815730831e69c9dfaeb43b75d73f8b811093ef470da365379eb1,3c227c5e2686368d566d9f4c2f2c9f61287de615,/supported_commands/dropIndexes,Local wire command dropIndexes; routing kind=passthrough; family=admin_index,Selected local wire proxy connection and database; command payload and effects remain Mongoeco-owned,PyMongo sends command and consumes response; no inspected exchange consumer compares this command name,WireSurface.supported_commands; resolve_wire_command_capability; database command catalog,Mongoeco,Mongoeco operational command contract; no exchange claim for inspected consumers,owner_operational; no_exchange_consumer_found_in_inspected_repos,src/mongoeco/wire/surface.py#WIRE_SUPPORTED_COMMANDS; src/mongoeco/wire/capabilities.py#resolve_wire_command_capability(dropIndexes),tests/unit/test_database_commands.py::AsyncDatabaseCommandServiceTests::test_advertised_database_commands_have_owner_contracts,tests/integration/wire/test_proxy.py::WireProxyIntegrationTests::test_proxy_supports_find_and_modify_and_index_drop_through_pymongo,tests/integration/wire/test_proxy.py::WireProxyIntegrationTests::test_proxy_surfaces_database_command_shape_errors_through_pymongo,bounded_behavior_verified; exchange_classified_owner_operational
Mongoeco,src/mongoeco/wire/surface.py; src/mongoeco/wire/capabilities.py,86210db786b19c1135252e94c7ba3ff090c8db6acc0fa2b0a235aa2baf0f9264,ac0145f37397815730831e69c9dfaeb43b75d73f8b811093ef470da365379eb1,3c227c5e2686368d566d9f4c2f2c9f61287de615,/supported_commands/endSessions,Local wire command endSessions; routing kind=end_sessions; family=sessions,Selected local wire proxy connection and database; command payload and effects remain Mongoeco-owned,PyMongo sends command and consumes response; no inspected exchange consumer compares this command name,WireSurface.supported_commands; resolve_wire_command_capability,Mongoeco,Mongoeco operational command contract; no exchange claim for inspected consumers,owner_operational; no_exchange_consumer_found_in_inspected_repos,src/mongoeco/wire/surface.py#WIRE_SUPPORTED_COMMANDS; src/mongoeco/wire/capabilities.py#resolve_wire_command_capability(endSessions),tests/unit/wire/test_proxy.py::WireProxyUnitTests::test_wire_surface_declares_supported_commands_and_opcodes,tests/unit/wire/test_proxy.py::WireProxyUnitTests::test_session_store_rejects_invalid_autocommit_and_can_end_sessions,tests/unit/wire/test_proxy.py::WireProxyAsyncUnitTests::test_executor_validates_auth_session_and_cursor_shapes_early,bounded_behavior_verified; exchange_classified_owner_operational
Mongoeco,src/mongoeco/wire/surface.py; src/mongoeco/wire/capabilities.py,86210db786b19c1135252e94c7ba3ff090c8db6acc0fa2b0a235aa2baf0f9264,ac0145f37397815730831e69c9dfaeb43b75d73f8b811093ef470da365379eb1,3c227c5e2686368d566d9f4c2f2c9f61287de615,/supported_commands/explain,Local wire command explain; routing kind=passthrough; family=admin_explain,Selected local wire proxy connection and database; command payload and effects remain Mongoeco-owned,PyMongo sends command and consumes response; no inspected exchange consumer compares this command name,WireSurface.supported_commands; resolve_wire_command_capability; database command catalog,Mongoeco,Mongoeco operational command contract; no exchange claim for inspected consumers,owner_operational; no_exchange_consumer_found_in_inspected_repos,src/mongoeco/wire/surface.py#WIRE_SUPPORTED_COMMANDS; src/mongoeco/wire/capabilities.py#resolve_wire_command_capability(explain),tests/unit/test_database_commands.py::AsyncDatabaseCommandServiceTests::test_advertised_database_commands_have_owner_contracts,tests/integration/wire/test_proxy.py::WireProxyIntegrationTests::test_proxy_supports_count_distinct_validate_and_explain_through_pymongo_commands,tests/integration/wire/test_proxy.py::WireProxyIntegrationTests::test_proxy_surfaces_database_command_shape_errors_through_pymongo,bounded_behavior_verified; exchange_classified_owner_operational
Mongoeco,src/mongoeco/wire/surface.py; src/mongoeco/wire/capabilities.py,86210db786b19c1135252e94c7ba3ff090c8db6acc0fa2b0a235aa2baf0f9264,ac0145f37397815730831e69c9dfaeb43b75d73f8b811093ef470da365379eb1,3c227c5e2686368d566d9f4c2f2c9f61287de615,/supported_commands/find,Local wire command find; routing kind=passthrough; family=admin_read,Selected local wire proxy connection and database; command payload and effects remain Mongoeco-owned,PyMongo sends command and consumes response; no inspected exchange consumer compares this command name,WireSurface.supported_commands; resolve_wire_command_capability; database command catalog,Mongoeco,Mongoeco operational command contract; no exchange claim for inspected consumers,owner_operational; no_exchange_consumer_found_in_inspected_repos,src/mongoeco/wire/surface.py#WIRE_SUPPORTED_COMMANDS; src/mongoeco/wire/capabilities.py#resolve_wire_command_capability(find),tests/unit/test_database_commands.py::AsyncDatabaseCommandServiceTests::test_advertised_database_commands_have_owner_contracts,tests/integration/wire/test_proxy.py::WireProxyIntegrationTests::test_proxy_supports_ping_insert_find_and_aggregate_through_pymongo,tests/integration/wire/test_proxy.py::WireProxyIntegrationTests::test_proxy_surfaces_database_command_shape_errors_through_pymongo,bounded_behavior_verified; exchange_classified_owner_operational
Mongoeco,src/mongoeco/wire/surface.py; src/mongoeco/wire/capabilities.py,86210db786b19c1135252e94c7ba3ff090c8db6acc0fa2b0a235aa2baf0f9264,ac0145f37397815730831e69c9dfaeb43b75d73f8b811093ef470da365379eb1,3c227c5e2686368d566d9f4c2f2c9f61287de615,/supported_commands/findAndModify,Local wire command findAndModify; routing kind=passthrough; family=admin_find_and_modify,Selected local wire proxy connection and database; command payload and effects remain Mongoeco-owned,PyMongo sends command and consumes response; no inspected exchange consumer compares this command name,WireSurface.supported_commands; resolve_wire_command_capability; database command catalog,Mongoeco,Mongoeco operational command contract; no exchange claim for inspected consumers,owner_operational; no_exchange_consumer_found_in_inspected_repos,src/mongoeco/wire/surface.py#WIRE_SUPPORTED_COMMANDS; src/mongoeco/wire/capabilities.py#resolve_wire_command_capability(findAndModify),tests/unit/test_database_commands.py::AsyncDatabaseCommandServiceTests::test_advertised_database_commands_have_owner_contracts,tests/unit/wire/test_proxy.py::WireProxyAsyncUnitTests::test_executor_passthrough_admin_commands_materialize_cursor_and_document_shapes,tests/unit/wire/test_proxy.py::WireProxyAsyncUnitTests::test_executor_validates_passthrough_command_payload_shapes_early,bounded_behavior_verified; exchange_classified_owner_operational
Mongoeco,src/mongoeco/wire/surface.py; src/mongoeco/wire/capabilities.py,86210db786b19c1135252e94c7ba3ff090c8db6acc0fa2b0a235aa2baf0f9264,ac0145f37397815730831e69c9dfaeb43b75d73f8b811093ef470da365379eb1,3c227c5e2686368d566d9f4c2f2c9f61287de615,/supported_commands/getCmdLineOpts,Local wire command getCmdLineOpts; routing kind=passthrough; family=admin_introspection,Selected local wire proxy connection and database; command payload and effects remain Mongoeco-owned,PyMongo sends command and consumes response; no inspected exchange consumer compares this command name,WireSurface.supported_commands; resolve_wire_command_capability; database command catalog,Mongoeco,Mongoeco operational command contract; no exchange claim for inspected consumers,owner_operational; no_exchange_consumer_found_in_inspected_repos,src/mongoeco/wire/surface.py#WIRE_SUPPORTED_COMMANDS; src/mongoeco/wire/capabilities.py#resolve_wire_command_capability(getCmdLineOpts),tests/unit/test_database_commands.py::AsyncDatabaseCommandServiceTests::test_advertised_database_commands_have_owner_contracts,tests/integration/wire/test_proxy.py::WireProxyIntegrationTests::test_proxy_supports_admin_introspection_and_profile_commands_through_pymongo,tests/integration/wire/test_proxy.py::WireProxyIntegrationTests::test_proxy_rejects_invalid_introspection_command_values_through_pymongo,bounded_behavior_verified; exchange_classified_owner_operational
Mongoeco,src/mongoeco/wire/surface.py; src/mongoeco/wire/capabilities.py,86210db786b19c1135252e94c7ba3ff090c8db6acc0fa2b0a235aa2baf0f9264,ac0145f37397815730831e69c9dfaeb43b75d73f8b811093ef470da365379eb1,3c227c5e2686368d566d9f4c2f2c9f61287de615,/supported_commands/getMore,Local wire command getMore; routing kind=get_more; family=cursor; cursor ids are bound to the creating namespace,"Selected local wire proxy connection, database and collection; cursor id must belong to the namespace",PyMongo sends command and consumes response; no inspected exchange consumer compares this command name,WireSurface.supported_commands; resolve_wire_command_capability,Mongoeco,Mongoeco operational command contract; no exchange claim for inspected consumers,owner_operational; no_exchange_consumer_found_in_inspected_repos,src/mongoeco/wire/surface.py#WIRE_SUPPORTED_COMMANDS; src/mongoeco/wire/capabilities.py#resolve_wire_command_capability(getMore),tests/unit/wire/test_proxy.py::WireProxyUnitTests::test_wire_surface_declares_supported_commands_and_opcodes,tests/unit/wire/test_proxy.py::WireProxyUnitTests::test_cursor_store_splits_first_batch_and_serves_get_more,tests/unit/wire/test_proxy.py::WireProxyAsyncUnitTests::test_executor_rejects_cross_namespace_cursor_use,bounded_behavior_verified; exchange_classified_owner_operational
Mongoeco,src/mongoeco/wire/surface.py; src/mongoeco/wire/capabilities.py,86210db786b19c1135252e94c7ba3ff090c8db6acc0fa2b0a235aa2baf0f9264,ac0145f37397815730831e69c9dfaeb43b75d73f8b811093ef470da365379eb1,3c227c5e2686368d566d9f4c2f2c9f61287de615,/supported_commands/hello,Local wire command hello; routing kind=handshake; family=handshake,Selected local wire proxy connection and database; command payload and effects remain Mongoeco-owned; malformed optional client/compression fields are accepted without replacing valid connection metadata,PyMongo sends command and consumes response; no inspected exchange consumer compares this command name,WireSurface.supported_commands; resolve_wire_command_capability; database command catalog,Mongoeco,Mongoeco operational command contract; no exchange claim for inspected consumers,owner_operational; no_exchange_consumer_found_in_inspected_repos,src/mongoeco/wire/surface.py#WIRE_SUPPORTED_COMMANDS; src/mongoeco/wire/capabilities.py#resolve_wire_command_capability(hello),tests/unit/test_database_commands.py::AsyncDatabaseCommandServiceTests::test_advertised_database_commands_have_owner_contracts,tests/unit/wire/test_proxy.py::WireProxyAsyncUnitTests::test_executor_routes_hello_through_handshake_service_and_connection_context,tests/unit/wire/test_proxy.py::WireProxyAsyncUnitTests::test_executor_hello_does_not_promote_malformed_optional_metadata,bounded_behavior_verified; exchange_classified_owner_operational
Mongoeco,src/mongoeco/wire/surface.py; src/mongoeco/wire/capabilities.py,86210db786b19c1135252e94c7ba3ff090c8db6acc0fa2b0a235aa2baf0f9264,ac0145f37397815730831e69c9dfaeb43b75d73f8b811093ef470da365379eb1,3c227c5e2686368d566d9f4c2f2c9f61287de615,/supported_commands/hostInfo,Local wire command hostInfo; routing kind=passthrough; family=admin_introspection,Selected local wire proxy connection and database; command payload and effects remain Mongoeco-owned,PyMongo sends command and consumes response; no inspected exchange consumer compares this command name,WireSurface.supported_commands; resolve_wire_command_capability; database command catalog,Mongoeco,Mongoeco operational command contract; no exchange claim for inspected consumers,owner_operational; no_exchange_consumer_found_in_inspected_repos,src/mongoeco/wire/surface.py#WIRE_SUPPORTED_COMMANDS; src/mongoeco/wire/capabilities.py#resolve_wire_command_capability(hostInfo),tests/unit/test_database_commands.py::AsyncDatabaseCommandServiceTests::test_advertised_database_commands_have_owner_contracts,tests/integration/wire/test_proxy.py::WireProxyIntegrationTests::test_proxy_supports_admin_introspection_and_profile_commands_through_pymongo,tests/integration/wire/test_proxy.py::WireProxyIntegrationTests::test_proxy_rejects_invalid_introspection_command_values_through_pymongo,bounded_behavior_verified; exchange_classified_owner_operational
Mongoeco,src/mongoeco/wire/surface.py; src/mongoeco/wire/capabilities.py,86210db786b19c1135252e94c7ba3ff090c8db6acc0fa2b0a235aa2baf0f9264,ac0145f37397815730831e69c9dfaeb43b75d73f8b811093ef470da365379eb1,3c227c5e2686368d566d9f4c2f2c9f61287de615,/supported_commands/insert,Local wire command insert; routing kind=passthrough; family=admin_write,Selected local wire proxy connection and database; command payload and effects remain Mongoeco-owned,PyMongo sends command and consumes response; no inspected exchange consumer compares this command name,WireSurface.supported_commands; resolve_wire_command_capability; database command catalog,Mongoeco,Mongoeco operational command contract; no exchange claim for inspected consumers,owner_operational; no_exchange_consumer_found_in_inspected_repos,src/mongoeco/wire/surface.py#WIRE_SUPPORTED_COMMANDS; src/mongoeco/wire/capabilities.py#resolve_wire_command_capability(insert),tests/unit/test_database_commands.py::AsyncDatabaseCommandServiceTests::test_advertised_database_commands_have_owner_contracts,tests/integration/wire/test_proxy.py::WireProxyIntegrationTests::test_proxy_supports_ping_insert_find_and_aggregate_through_pymongo,tests/unit/wire/test_proxy.py::WireProxyAsyncUnitTests::test_executor_validates_passthrough_command_payload_shapes_early,bounded_behavior_verified; exchange_classified_owner_operational
Mongoeco,src/mongoeco/wire/surface.py; src/mongoeco/wire/capabilities.py,86210db786b19c1135252e94c7ba3ff090c8db6acc0fa2b0a235aa2baf0f9264,ac0145f37397815730831e69c9dfaeb43b75d73f8b811093ef470da365379eb1,3c227c5e2686368d566d9f4c2f2c9f61287de615,/supported_commands/isMaster,Local wire command isMaster; routing kind=handshake; family=handshake,Selected local wire proxy connection and database; command payload and effects remain Mongoeco-owned,PyMongo sends command and consumes response; no inspected exchange consumer compares this command name,WireSurface.supported_commands; resolve_wire_command_capability; database command catalog,Mongoeco,Mongoeco operational command contract; no exchange claim for inspected consumers,owner_operational; no_exchange_consumer_found_in_inspected_repos,src/mongoeco/wire/surface.py#WIRE_SUPPORTED_COMMANDS; src/mongoeco/wire/capabilities.py#resolve_wire_command_capability(isMaster),tests/unit/test_database_commands.py::AsyncDatabaseCommandServiceTests::test_advertised_database_commands_have_owner_contracts,tests/unit/wire/test_proxy.py::WireProxyAsyncUnitTests::test_executor_preserves_both_legacy_handshake_aliases,tests/unit/wire/test_proxy.py::WireProxyAsyncUnitTests::test_executor_preserves_both_legacy_handshake_aliases,bounded_behavior_verified; exchange_classified_owner_operational
Mongoeco,src/mongoeco/wire/surface.py; src/mongoeco/wire/capabilities.py,86210db786b19c1135252e94c7ba3ff090c8db6acc0fa2b0a235aa2baf0f9264,ac0145f37397815730831e69c9dfaeb43b75d73f8b811093ef470da365379eb1,3c227c5e2686368d566d9f4c2f2c9f61287de615,/supported_commands/ismaster,Local wire command ismaster; routing kind=handshake; family=handshake,Selected local wire proxy connection and database; command payload and effects remain Mongoeco-owned,PyMongo sends command and consumes response; no inspected exchange consumer compares this command name,WireSurface.supported_commands; resolve_wire_command_capability; database command catalog,Mongoeco,Mongoeco operational command contract; no exchange claim for inspected consumers,owner_operational; no_exchange_consumer_found_in_inspected_repos,src/mongoeco/wire/surface.py#WIRE_SUPPORTED_COMMANDS; src/mongoeco/wire/capabilities.py#resolve_wire_command_capability(ismaster),tests/unit/test_database_commands.py::AsyncDatabaseCommandServiceTests::test_advertised_database_commands_have_owner_contracts,tests/unit/wire/test_proxy.py::WireProxyAsyncUnitTests::test_executor_preserves_both_legacy_handshake_aliases,tests/unit/wire/test_proxy.py::WireProxyAsyncUnitTests::test_executor_preserves_both_legacy_handshake_aliases,bounded_behavior_verified; exchange_classified_owner_operational
Mongoeco,src/mongoeco/wire/surface.py; src/mongoeco/wire/capabilities.py,86210db786b19c1135252e94c7ba3ff090c8db6acc0fa2b0a235aa2baf0f9264,ac0145f37397815730831e69c9dfaeb43b75d73f8b811093ef470da365379eb1,3c227c5e2686368d566d9f4c2f2c9f61287de615,/supported_commands/killCursors,Local wire command killCursors; routing kind=kill_cursors; family=cursor; cursor ids are bound to the creating namespace,"Selected local wire proxy connection, database and collection; cursor id must belong to the namespace",PyMongo sends command and consumes response; no inspected exchange consumer compares this command name,WireSurface.supported_commands; resolve_wire_command_capability,Mongoeco,Mongoeco operational command contract; no exchange claim for inspected consumers,owner_operational; no_exchange_consumer_found_in_inspected_repos,src/mongoeco/wire/surface.py#WIRE_SUPPORTED_COMMANDS; src/mongoeco/wire/capabilities.py#resolve_wire_command_capability(killCursors),tests/unit/wire/test_proxy.py::WireProxyUnitTests::test_wire_surface_declares_supported_commands_and_opcodes,tests/unit/wire/test_proxy.py::WireProxyAsyncUnitTests::test_executor_handles_kill_logout_and_transaction_commands,tests/unit/wire/test_proxy.py::WireProxyAsyncUnitTests::test_executor_rejects_cross_namespace_cursor_use,bounded_behavior_verified; exchange_classified_owner_operational
Mongoeco,src/mongoeco/wire/surface.py; src/mongoeco/wire/capabilities.py,86210db786b19c1135252e94c7ba3ff090c8db6acc0fa2b0a235aa2baf0f9264,ac0145f37397815730831e69c9dfaeb43b75d73f8b811093ef470da365379eb1,3c227c5e2686368d566d9f4c2f2c9f61287de615,/supported_commands/killOp,Local wire command killOp; routing kind=passthrough; family=admin_control,Selected local wire proxy connection and database; command payload and effects remain Mongoeco-owned,PyMongo sends command and consumes response; no inspected exchange consumer compares this command name,WireSurface.supported_commands; resolve_wire_command_capability; database command catalog,Mongoeco,Mongoeco operational command contract; no exchange claim for inspected consumers,owner_operational; no_exchange_consumer_found_in_inspected_repos,src/mongoeco/wire/surface.py#WIRE_SUPPORTED_COMMANDS; src/mongoeco/wire/capabilities.py#resolve_wire_command_capability(killOp),tests/unit/test_database_commands.py::AsyncDatabaseCommandServiceTests::test_advertised_database_commands_have_owner_contracts,tests/integration/wire/test_proxy.py::WireProxyIntegrationTests::test_proxy_current_op_and_kill_op_validate_operational_ids,tests/integration/wire/test_proxy.py::WireProxyIntegrationTests::test_proxy_current_op_and_kill_op_validate_operational_ids,bounded_behavior_verified; exchange_classified_owner_operational
Mongoeco,src/mongoeco/wire/surface.py; src/mongoeco/wire/capabilities.py,86210db786b19c1135252e94c7ba3ff090c8db6acc0fa2b0a235aa2baf0f9264,ac0145f37397815730831e69c9dfaeb43b75d73f8b811093ef470da365379eb1,3c227c5e2686368d566d9f4c2f2c9f61287de615,/supported_commands/listCollections,Local wire command listCollections; routing kind=passthrough; family=admin_namespace,Selected local wire proxy connection and database; command payload and effects remain Mongoeco-owned,PyMongo sends command and consumes response; no inspected exchange consumer compares this command name,WireSurface.supported_commands; resolve_wire_command_capability; database command catalog,Mongoeco,Mongoeco operational command contract; no exchange claim for inspected consumers,owner_operational; no_exchange_consumer_found_in_inspected_repos,src/mongoeco/wire/surface.py#WIRE_SUPPORTED_COMMANDS; src/mongoeco/wire/capabilities.py#resolve_wire_command_capability(listCollections),tests/unit/test_database_commands.py::AsyncDatabaseCommandServiceTests::test_advertised_database_commands_have_owner_contracts,tests/unit/wire/test_proxy.py::WireProxyAsyncUnitTests::test_executor_passthrough_admin_commands_materialize_cursor_and_document_shapes,tests/unit/wire/test_proxy.py::WireProxyAsyncUnitTests::test_executor_validates_passthrough_command_payload_shapes_early,bounded_behavior_verified; exchange_classified_owner_operational
Mongoeco,src/mongoeco/wire/surface.py; src/mongoeco/wire/capabilities.py,86210db786b19c1135252e94c7ba3ff090c8db6acc0fa2b0a235aa2baf0f9264,ac0145f37397815730831e69c9dfaeb43b75d73f8b811093ef470da365379eb1,3c227c5e2686368d566d9f4c2f2c9f61287de615,/supported_commands/listCommands,Local wire command listCommands; routing kind=passthrough; family=admin_introspection,Selected local wire proxy connection and database; command payload and effects remain Mongoeco-owned,PyMongo sends command and consumes response; no inspected exchange consumer compares this command name,WireSurface.supported_commands; resolve_wire_command_capability; database command catalog,Mongoeco,Mongoeco operational command contract; no exchange claim for inspected consumers,owner_operational; no_exchange_consumer_found_in_inspected_repos,src/mongoeco/wire/surface.py#WIRE_SUPPORTED_COMMANDS; src/mongoeco/wire/capabilities.py#resolve_wire_command_capability(listCommands),tests/unit/test_database_commands.py::AsyncDatabaseCommandServiceTests::test_advertised_database_commands_have_owner_contracts,tests/integration/wire/test_proxy.py::WireProxyIntegrationTests::test_proxy_supports_admin_introspection_and_profile_commands_through_pymongo,tests/integration/wire/test_proxy.py::WireProxyIntegrationTests::test_proxy_rejects_invalid_introspection_command_values_through_pymongo,bounded_behavior_verified; exchange_classified_owner_operational
Mongoeco,src/mongoeco/wire/surface.py; src/mongoeco/wire/capabilities.py,86210db786b19c1135252e94c7ba3ff090c8db6acc0fa2b0a235aa2baf0f9264,ac0145f37397815730831e69c9dfaeb43b75d73f8b811093ef470da365379eb1,3c227c5e2686368d566d9f4c2f2c9f61287de615,/supported_commands/listDatabases,Local wire command listDatabases; routing kind=passthrough; family=admin_namespace,Selected local wire proxy connection and database; command payload and effects remain Mongoeco-owned,PyMongo sends command and consumes response; no inspected exchange consumer compares this command name,WireSurface.supported_commands; resolve_wire_command_capability; database command catalog,Mongoeco,Mongoeco operational command contract; no exchange claim for inspected consumers,owner_operational; no_exchange_consumer_found_in_inspected_repos,src/mongoeco/wire/surface.py#WIRE_SUPPORTED_COMMANDS; src/mongoeco/wire/capabilities.py#resolve_wire_command_capability(listDatabases),tests/unit/test_database_commands.py::AsyncDatabaseCommandServiceTests::test_advertised_database_commands_have_owner_contracts,tests/integration/wire/test_proxy.py::WireProxyIntegrationTests::test_proxy_supports_admin_listing_stats_and_index_surfaces_through_pymongo,tests/unit/wire/test_proxy.py::WireProxyAsyncUnitTests::test_executor_validates_passthrough_command_payload_shapes_early,bounded_behavior_verified; exchange_classified_owner_operational
Mongoeco,src/mongoeco/wire/surface.py; src/mongoeco/wire/capabilities.py,86210db786b19c1135252e94c7ba3ff090c8db6acc0fa2b0a235aa2baf0f9264,ac0145f37397815730831e69c9dfaeb43b75d73f8b811093ef470da365379eb1,3c227c5e2686368d566d9f4c2f2c9f61287de615,/supported_commands/listIndexes,Local wire command listIndexes; routing kind=passthrough; family=admin_index,Selected local wire proxy connection and database; command payload and effects remain Mongoeco-owned,PyMongo sends command and consumes response; no inspected exchange consumer compares this command name,WireSurface.supported_commands; resolve_wire_command_capability; database command catalog,Mongoeco,Mongoeco operational command contract; no exchange claim for inspected consumers,owner_operational; no_exchange_consumer_found_in_inspected_repos,src/mongoeco/wire/surface.py#WIRE_SUPPORTED_COMMANDS; src/mongoeco/wire/capabilities.py#resolve_wire_command_capability(listIndexes),tests/unit/test_database_commands.py::AsyncDatabaseCommandServiceTests::test_advertised_database_commands_have_owner_contracts,tests/unit/wire/test_proxy.py::WireProxyAsyncUnitTests::test_executor_passthrough_admin_commands_materialize_cursor_and_document_shapes,tests/unit/wire/test_proxy.py::WireProxyAsyncUnitTests::test_executor_validates_passthrough_command_payload_shapes_early,bounded_behavior_verified; exchange_classified_owner_operational
Mongoeco,src/mongoeco/wire/surface.py; src/mongoeco/wire/capabilities.py,86210db786b19c1135252e94c7ba3ff090c8db6acc0fa2b0a235aa2baf0f9264,ac0145f37397815730831e69c9dfaeb43b75d73f8b811093ef470da365379eb1,3c227c5e2686368d566d9f4c2f2c9f61287de615,/supported_commands/logout,Local wire command logout; routing kind=logout; family=auth,Selected local wire proxy connection and database; command payload and effects remain Mongoeco-owned,PyMongo sends command and consumes response; no inspected exchange consumer compares this command name,WireSurface.supported_commands; resolve_wire_command_capability,Mongoeco,Mongoeco operational command contract; no exchange claim for inspected consumers,owner_operational; no_exchange_consumer_found_in_inspected_repos,src/mongoeco/wire/surface.py#WIRE_SUPPORTED_COMMANDS; src/mongoeco/wire/capabilities.py#resolve_wire_command_capability(logout),tests/unit/wire/test_proxy.py::WireProxyUnitTests::test_wire_surface_declares_supported_commands_and_opcodes,tests/unit/wire/test_proxy.py::WireProxyAsyncUnitTests::test_executor_handles_kill_logout_and_transaction_commands,tests/unit/wire/test_proxy.py::WireProxyAsyncUnitTests::test_executor_rejects_additional_auth_and_admin_shape_errors,bounded_behavior_verified; exchange_classified_owner_operational
Mongoeco,src/mongoeco/wire/surface.py; src/mongoeco/wire/capabilities.py,86210db786b19c1135252e94c7ba3ff090c8db6acc0fa2b0a235aa2baf0f9264,ac0145f37397815730831e69c9dfaeb43b75d73f8b811093ef470da365379eb1,3c227c5e2686368d566d9f4c2f2c9f61287de615,/supported_commands/ping,Local wire command ping; routing kind=passthrough; family=admin_status,Selected local wire proxy connection and database; command payload and effects remain Mongoeco-owned,PyMongo sends command and consumes response; no inspected exchange consumer compares this command name,WireSurface.supported_commands; resolve_wire_command_capability; database command catalog,Mongoeco,Mongoeco operational command contract; no exchange claim for inspected consumers,owner_operational; no_exchange_consumer_found_in_inspected_repos,src/mongoeco/wire/surface.py#WIRE_SUPPORTED_COMMANDS; src/mongoeco/wire/capabilities.py#resolve_wire_command_capability(ping),tests/unit/test_database_commands.py::AsyncDatabaseCommandServiceTests::test_advertised_database_commands_have_owner_contracts,tests/integration/wire/test_proxy.py::WireProxyIntegrationTests::test_proxy_supports_ping_insert_find_and_aggregate_through_pymongo,tests/unit/wire/test_proxy.py::WireProxyAsyncUnitTests::test_executor_passthrough_requires_document_response,bounded_behavior_verified; exchange_classified_owner_operational
Mongoeco,src/mongoeco/wire/surface.py; src/mongoeco/wire/capabilities.py,86210db786b19c1135252e94c7ba3ff090c8db6acc0fa2b0a235aa2baf0f9264,ac0145f37397815730831e69c9dfaeb43b75d73f8b811093ef470da365379eb1,3c227c5e2686368d566d9f4c2f2c9f61287de615,/supported_commands/profile,Local wire command profile; routing kind=passthrough; family=admin_control,Selected local wire proxy connection and database; command payload and effects remain Mongoeco-owned,PyMongo sends command and consumes response; no inspected exchange consumer compares this command name,WireSurface.supported_commands; resolve_wire_command_capability; database command catalog,Mongoeco,Mongoeco operational command contract; no exchange claim for inspected consumers,owner_operational; no_exchange_consumer_found_in_inspected_repos,src/mongoeco/wire/surface.py#WIRE_SUPPORTED_COMMANDS; src/mongoeco/wire/capabilities.py#resolve_wire_command_capability(profile),tests/unit/test_database_commands.py::AsyncDatabaseCommandServiceTests::test_advertised_database_commands_have_owner_contracts,tests/integration/wire/test_proxy.py::WireProxyIntegrationTests::test_proxy_supports_admin_introspection_and_profile_commands_through_pymongo,tests/integration/wire/test_proxy.py::WireProxyIntegrationTests::test_proxy_surfaces_database_command_shape_errors_through_pymongo,bounded_behavior_verified; exchange_classified_owner_operational
Mongoeco,src/mongoeco/wire/surface.py; src/mongoeco/wire/capabilities.py,86210db786b19c1135252e94c7ba3ff090c8db6acc0fa2b0a235aa2baf0f9264,ac0145f37397815730831e69c9dfaeb43b75d73f8b811093ef470da365379eb1,3c227c5e2686368d566d9f4c2f2c9f61287de615,/supported_commands/renameCollection,Local wire command renameCollection; routing kind=passthrough; family=admin_namespace,Selected local wire proxy connection and database; command payload and effects remain Mongoeco-owned,PyMongo sends command and consumes response; no inspected exchange consumer compares this command name,WireSurface.supported_commands; resolve_wire_command_capability; database command catalog,Mongoeco,Mongoeco operational command contract; no exchange claim for inspected consumers,owner_operational; no_exchange_consumer_found_in_inspected_repos,src/mongoeco/wire/surface.py#WIRE_SUPPORTED_COMMANDS; src/mongoeco/wire/capabilities.py#resolve_wire_command_capability(renameCollection),tests/unit/test_database_commands.py::AsyncDatabaseCommandServiceTests::test_advertised_database_commands_have_owner_contracts,tests/unit/wire/test_proxy.py::WireProxyAsyncUnitTests::test_wire_rename_and_drop_database_preserve_invalid_input,tests/unit/wire/test_proxy.py::WireProxyAsyncUnitTests::test_wire_rename_and_drop_database_preserve_invalid_input,bounded_behavior_verified; exchange_classified_owner_operational
Mongoeco,src/mongoeco/wire/surface.py; src/mongoeco/wire/capabilities.py,86210db786b19c1135252e94c7ba3ff090c8db6acc0fa2b0a235aa2baf0f9264,ac0145f37397815730831e69c9dfaeb43b75d73f8b811093ef470da365379eb1,3c227c5e2686368d566d9f4c2f2c9f61287de615,/supported_commands/saslContinue,Local wire command saslContinue; routing kind=sasl_continue; family=auth,Selected local wire proxy connection and database; command payload and effects remain Mongoeco-owned,PyMongo sends command and consumes response; no inspected exchange consumer compares this command name,WireSurface.supported_commands; resolve_wire_command_capability,Mongoeco,Mongoeco operational command contract; no exchange claim for inspected consumers,owner_operational; no_exchange_consumer_found_in_inspected_repos,src/mongoeco/wire/surface.py#WIRE_SUPPORTED_COMMANDS; src/mongoeco/wire/capabilities.py#resolve_wire_command_capability(saslContinue),tests/unit/wire/test_proxy.py::WireProxyUnitTests::test_wire_surface_declares_supported_commands_and_opcodes,tests/unit/wire/test_auth.py::WireAuthenticationServiceTests::test_sasl_start_and_continue_cover_error_and_success_paths,tests/unit/wire/test_auth.py::WireAuthenticationServiceTests::test_sasl_start_and_continue_cover_error_and_success_paths,bounded_behavior_verified; exchange_classified_owner_operational
Mongoeco,src/mongoeco/wire/surface.py; src/mongoeco/wire/capabilities.py,86210db786b19c1135252e94c7ba3ff090c8db6acc0fa2b0a235aa2baf0f9264,ac0145f37397815730831e69c9dfaeb43b75d73f8b811093ef470da365379eb1,3c227c5e2686368d566d9f4c2f2c9f61287de615,/supported_commands/saslStart,Local wire command saslStart; routing kind=sasl_start; family=auth,Selected local wire proxy connection and database; command payload and effects remain Mongoeco-owned,PyMongo sends command and consumes response; no inspected exchange consumer compares this command name,WireSurface.supported_commands; resolve_wire_command_capability,Mongoeco,Mongoeco operational command contract; no exchange claim for inspected consumers,owner_operational; no_exchange_consumer_found_in_inspected_repos,src/mongoeco/wire/surface.py#WIRE_SUPPORTED_COMMANDS; src/mongoeco/wire/capabilities.py#resolve_wire_command_capability(saslStart),tests/unit/wire/test_proxy.py::WireProxyUnitTests::test_wire_surface_declares_supported_commands_and_opcodes,tests/unit/wire/test_auth.py::WireAuthenticationServiceTests::test_sasl_start_and_continue_cover_error_and_success_paths,tests/unit/wire/test_auth.py::WireAuthenticationServiceTests::test_sasl_start_and_continue_cover_error_and_success_paths,bounded_behavior_verified; exchange_classified_owner_operational
Mongoeco,src/mongoeco/wire/surface.py; src/mongoeco/wire/capabilities.py,86210db786b19c1135252e94c7ba3ff090c8db6acc0fa2b0a235aa2baf0f9264,ac0145f37397815730831e69c9dfaeb43b75d73f8b811093ef470da365379eb1,3c227c5e2686368d566d9f4c2f2c9f61287de615,/supported_commands/serverStatus,Local wire command serverStatus; routing kind=passthrough; family=admin_status,Selected local wire proxy connection and database; command payload and effects remain Mongoeco-owned,PyMongo sends command and consumes response; no inspected exchange consumer compares this command name,WireSurface.supported_commands; resolve_wire_command_capability; database command catalog,Mongoeco,Mongoeco operational command contract; no exchange claim for inspected consumers,owner_operational; no_exchange_consumer_found_in_inspected_repos,src/mongoeco/wire/surface.py#WIRE_SUPPORTED_COMMANDS; src/mongoeco/wire/capabilities.py#resolve_wire_command_capability(serverStatus),tests/unit/test_database_commands.py::AsyncDatabaseCommandServiceTests::test_advertised_database_commands_have_owner_contracts,tests/integration/wire/test_proxy.py::WireProxyIntegrationTests::test_proxy_supports_admin_introspection_and_profile_commands_through_pymongo,tests/integration/wire/test_proxy.py::WireProxyIntegrationTests::test_proxy_rejects_invalid_introspection_command_values_through_pymongo,bounded_behavior_verified; exchange_classified_owner_operational
Mongoeco,src/mongoeco/wire/surface.py; src/mongoeco/wire/capabilities.py,86210db786b19c1135252e94c7ba3ff090c8db6acc0fa2b0a235aa2baf0f9264,ac0145f37397815730831e69c9dfaeb43b75d73f8b811093ef470da365379eb1,3c227c5e2686368d566d9f4c2f2c9f61287de615,/supported_commands/update,Local wire command update; routing kind=passthrough; family=admin_write,Selected local wire proxy connection and database; command payload and effects remain Mongoeco-owned,PyMongo sends command and consumes response; no inspected exchange consumer compares this command name,WireSurface.supported_commands; resolve_wire_command_capability; database command catalog,Mongoeco,Mongoeco operational command contract; no exchange claim for inspected consumers,owner_operational; no_exchange_consumer_found_in_inspected_repos,src/mongoeco/wire/surface.py#WIRE_SUPPORTED_COMMANDS; src/mongoeco/wire/capabilities.py#resolve_wire_command_capability(update),tests/unit/test_database_commands.py::AsyncDatabaseCommandServiceTests::test_advertised_database_commands_have_owner_contracts,tests/integration/wire/test_proxy.py::WireProxyIntegrationTests::test_proxy_server_status_reports_live_local_opcounters,tests/unit/wire/test_proxy.py::WireProxyAsyncUnitTests::test_executor_validates_passthrough_command_payload_shapes_early,bounded_behavior_verified; exchange_classified_owner_operational
Mongoeco,src/mongoeco/wire/surface.py; src/mongoeco/wire/capabilities.py,86210db786b19c1135252e94c7ba3ff090c8db6acc0fa2b0a235aa2baf0f9264,ac0145f37397815730831e69c9dfaeb43b75d73f8b811093ef470da365379eb1,3c227c5e2686368d566d9f4c2f2c9f61287de615,/supported_commands/validate,Local wire command validate; routing kind=passthrough; family=admin_validate,Selected local wire proxy connection and database; command payload and effects remain Mongoeco-owned,PyMongo sends command and consumes response; no inspected exchange consumer compares this command name,WireSurface.supported_commands; resolve_wire_command_capability; database command catalog,Mongoeco,Mongoeco operational command contract; no exchange claim for inspected consumers,owner_operational; no_exchange_consumer_found_in_inspected_repos,src/mongoeco/wire/surface.py#WIRE_SUPPORTED_COMMANDS; src/mongoeco/wire/capabilities.py#resolve_wire_command_capability(validate),tests/unit/test_database_commands.py::AsyncDatabaseCommandServiceTests::test_advertised_database_commands_have_owner_contracts,tests/integration/wire/test_proxy.py::WireProxyIntegrationTests::test_proxy_supports_count_distinct_validate_and_explain_through_pymongo_commands,tests/integration/wire/test_proxy.py::WireProxyIntegrationTests::test_proxy_surfaces_database_command_shape_errors_through_pymongo,bounded_behavior_verified; exchange_classified_owner_operational
Mongoeco,src/mongoeco/wire/surface.py; src/mongoeco/wire/capabilities.py,86210db786b19c1135252e94c7ba3ff090c8db6acc0fa2b0a235aa2baf0f9264,ac0145f37397815730831e69c9dfaeb43b75d73f8b811093ef470da365379eb1,3c227c5e2686368d566d9f4c2f2c9f61287de615,/supported_commands/whatsmyuri,Local wire command whatsmyuri; routing kind=passthrough; family=admin_introspection,Selected local wire proxy connection and database; command payload and effects remain Mongoeco-owned,PyMongo sends command and consumes response; no inspected exchange consumer compares this command name,WireSurface.supported_commands; resolve_wire_command_capability; database command catalog,Mongoeco,Mongoeco operational command contract; no exchange claim for inspected consumers,owner_operational; no_exchange_consumer_found_in_inspected_repos,src/mongoeco/wire/surface.py#WIRE_SUPPORTED_COMMANDS; src/mongoeco/wire/capabilities.py#resolve_wire_command_capability(whatsmyuri),tests/unit/test_database_commands.py::AsyncDatabaseCommandServiceTests::test_advertised_database_commands_have_owner_contracts,tests/integration/wire/test_proxy.py::WireProxyIntegrationTests::test_proxy_supports_admin_introspection_and_profile_commands_through_pymongo,tests/integration/wire/test_proxy.py::WireProxyIntegrationTests::test_proxy_rejects_invalid_introspection_command_values_through_pymongo,bounded_behavior_verified; exchange_classified_owner_operational
