product,source,source_sha256,source_revision,element,meaning,conditions_scope,consumer_decision,current_representation,owner,destination,disposition,exact_reference,positive_evidence,negative_evidence,status
Mongoeco,src/mongoeco/compat/_catalog_operation_options.py,d5b1da9a5fecf795276a7eb76e64fbd5d3c48a64205689155ed4db03efd6c86d,013b5c7fa5131912ce44996c231137f1c37d25e0,/databaseCommands/aggregate/options/allowDiskUse,Applied to blocking aggregate stages through the same local spill policy as the public API.,command=aggregate; option=allowDiskUse; selected local engine and configuration,Command caller chooses request option; no CXP compatibility claim follows from acceptance,DATABASE_COMMAND_OPTION_SUPPORT_CATALOG; listCommands.supportedOptions,Mongoeco,Mongoeco operational command contract,owner_claim_effective,src/mongoeco/compat/_catalog_operation_options.py#DATABASE_COMMAND_OPTION_SUPPORT_CATALOG/aggregate/allowDiskUse,,,option_level_oracle_pending
Mongoeco,src/mongoeco/compat/_catalog_operation_options.py,d5b1da9a5fecf795276a7eb76e64fbd5d3c48a64205689155ed4db03efd6c86d,013b5c7fa5131912ce44996c231137f1c37d25e0,/databaseCommands/aggregate/options/batchSize,Materialized into the command cursor surface for streamable pipelines.,command=aggregate; option=batchSize; selected local engine and configuration,Command caller chooses request option; no CXP compatibility claim follows from acceptance,DATABASE_COMMAND_OPTION_SUPPORT_CATALOG; listCommands.supportedOptions,Mongoeco,Mongoeco operational command contract,owner_claim_effective,src/mongoeco/compat/_catalog_operation_options.py#DATABASE_COMMAND_OPTION_SUPPORT_CATALOG/aggregate/batchSize,,,option_level_oracle_pending
Mongoeco,src/mongoeco/compat/_catalog_operation_options.py,d5b1da9a5fecf795276a7eb76e64fbd5d3c48a64205689155ed4db03efd6c86d,013b5c7fa5131912ce44996c231137f1c37d25e0,/databaseCommands/aggregate/options/comment,Recorded in engine session metadata and surfaced through explain/materialization.,command=aggregate; option=comment; selected local engine and configuration,Command caller chooses request option; no CXP compatibility claim follows from acceptance,DATABASE_COMMAND_OPTION_SUPPORT_CATALOG; listCommands.supportedOptions,Mongoeco,Mongoeco operational command contract,owner_claim_effective,src/mongoeco/compat/_catalog_operation_options.py#DATABASE_COMMAND_OPTION_SUPPORT_CATALOG/aggregate/comment,,,option_level_oracle_pending
Mongoeco,src/mongoeco/compat/_catalog_operation_options.py,d5b1da9a5fecf795276a7eb76e64fbd5d3c48a64205689155ed4db03efd6c86d,013b5c7fa5131912ce44996c231137f1c37d25e0,/databaseCommands/aggregate/options/hint,Propagated through command routing into aggregate pushdown/explain.,command=aggregate; option=hint; selected local engine and configuration,Command caller chooses request option; no CXP compatibility claim follows from acceptance,DATABASE_COMMAND_OPTION_SUPPORT_CATALOG; listCommands.supportedOptions,Mongoeco,Mongoeco operational command contract,owner_claim_effective,src/mongoeco/compat/_catalog_operation_options.py#DATABASE_COMMAND_OPTION_SUPPORT_CATALOG/aggregate/hint,,,option_level_oracle_pending
Mongoeco,src/mongoeco/compat/_catalog_operation_options.py,d5b1da9a5fecf795276a7eb76e64fbd5d3c48a64205689155ed4db03efd6c86d,013b5c7fa5131912ce44996c231137f1c37d25e0,/databaseCommands/aggregate/options/let,Propagated into aggregate expression evaluation and subpipelines.,command=aggregate; option=let; selected local engine and configuration,Command caller chooses request option; no CXP compatibility claim follows from acceptance,DATABASE_COMMAND_OPTION_SUPPORT_CATALOG; listCommands.supportedOptions,Mongoeco,Mongoeco operational command contract,owner_claim_effective,src/mongoeco/compat/_catalog_operation_options.py#DATABASE_COMMAND_OPTION_SUPPORT_CATALOG/aggregate/let,,,option_level_oracle_pending
Mongoeco,src/mongoeco/compat/_catalog_operation_options.py,d5b1da9a5fecf795276a7eb76e64fbd5d3c48a64205689155ed4db03efd6c86d,013b5c7fa5131912ce44996c231137f1c37d25e0,/databaseCommands/aggregate/options/maxTimeMS,Enforced against local aggregate execution and explain paths.,command=aggregate; option=maxTimeMS; selected local engine and configuration,Command caller chooses request option; no CXP compatibility claim follows from acceptance,DATABASE_COMMAND_OPTION_SUPPORT_CATALOG; listCommands.supportedOptions,Mongoeco,Mongoeco operational command contract,owner_claim_effective,src/mongoeco/compat/_catalog_operation_options.py#DATABASE_COMMAND_OPTION_SUPPORT_CATALOG/aggregate/maxTimeMS,,,option_level_oracle_pending
Mongoeco,src/mongoeco/compat/_catalog_operation_options.py,d5b1da9a5fecf795276a7eb76e64fbd5d3c48a64205689155ed4db03efd6c86d,013b5c7fa5131912ce44996c231137f1c37d25e0,/databaseCommands/collStats/options/scale,Applied to size-oriented metrics in the local collection stats snapshot.,command=collStats; option=scale; selected local engine and configuration,Command caller chooses request option; no CXP compatibility claim follows from acceptance,DATABASE_COMMAND_OPTION_SUPPORT_CATALOG; listCommands.supportedOptions,Mongoeco,Mongoeco operational command contract,owner_claim_effective,src/mongoeco/compat/_catalog_operation_options.py#DATABASE_COMMAND_OPTION_SUPPORT_CATALOG/collStats/scale,,,option_level_oracle_pending
Mongoeco,src/mongoeco/compat/_catalog_operation_options.py,d5b1da9a5fecf795276a7eb76e64fbd5d3c48a64205689155ed4db03efd6c86d,013b5c7fa5131912ce44996c231137f1c37d25e0,/databaseCommands/connectionStatus/options/showPrivileges,Controls whether the local auth status document includes the privileges array.,command=connectionStatus; option=showPrivileges; selected local engine and configuration,Command caller chooses request option; no CXP compatibility claim follows from acceptance,DATABASE_COMMAND_OPTION_SUPPORT_CATALOG; listCommands.supportedOptions,Mongoeco,Mongoeco operational command contract,owner_claim_effective,src/mongoeco/compat/_catalog_operation_options.py#DATABASE_COMMAND_OPTION_SUPPORT_CATALOG/connectionStatus/showPrivileges,,,option_level_oracle_pending
Mongoeco,src/mongoeco/compat/_catalog_operation_options.py,d5b1da9a5fecf795276a7eb76e64fbd5d3c48a64205689155ed4db03efd6c86d,013b5c7fa5131912ce44996c231137f1c37d25e0,/databaseCommands/count/options/comment,Recorded in engine session metadata for the command execution.,command=count; option=comment; selected local engine and configuration,Command caller chooses request option; no CXP compatibility claim follows from acceptance,DATABASE_COMMAND_OPTION_SUPPORT_CATALOG; listCommands.supportedOptions,Mongoeco,Mongoeco operational command contract,owner_claim_effective,src/mongoeco/compat/_catalog_operation_options.py#DATABASE_COMMAND_OPTION_SUPPORT_CATALOG/count/comment,,,option_level_oracle_pending
Mongoeco,src/mongoeco/compat/_catalog_operation_options.py,d5b1da9a5fecf795276a7eb76e64fbd5d3c48a64205689155ed4db03efd6c86d,013b5c7fa5131912ce44996c231137f1c37d25e0,/databaseCommands/count/options/hint,Applied through the compiled selection path used by the count command.,command=count; option=hint; selected local engine and configuration,Command caller chooses request option; no CXP compatibility claim follows from acceptance,DATABASE_COMMAND_OPTION_SUPPORT_CATALOG; listCommands.supportedOptions,Mongoeco,Mongoeco operational command contract,owner_claim_effective,src/mongoeco/compat/_catalog_operation_options.py#DATABASE_COMMAND_OPTION_SUPPORT_CATALOG/count/hint,,,option_level_oracle_pending
Mongoeco,src/mongoeco/compat/_catalog_operation_options.py,d5b1da9a5fecf795276a7eb76e64fbd5d3c48a64205689155ed4db03efd6c86d,013b5c7fa5131912ce44996c231137f1c37d25e0,/databaseCommands/count/options/limit,Applied before materializing the local count result.,command=count; option=limit; selected local engine and configuration,Command caller chooses request option; no CXP compatibility claim follows from acceptance,DATABASE_COMMAND_OPTION_SUPPORT_CATALOG; listCommands.supportedOptions,Mongoeco,Mongoeco operational command contract,owner_claim_effective,src/mongoeco/compat/_catalog_operation_options.py#DATABASE_COMMAND_OPTION_SUPPORT_CATALOG/count/limit,,,option_level_oracle_pending
Mongoeco,src/mongoeco/compat/_catalog_operation_options.py,d5b1da9a5fecf795276a7eb76e64fbd5d3c48a64205689155ed4db03efd6c86d,013b5c7fa5131912ce44996c231137f1c37d25e0,/databaseCommands/count/options/maxTimeMS,Enforced through the compiled selection path used by the count command.,command=count; option=maxTimeMS; selected local engine and configuration,Command caller chooses request option; no CXP compatibility claim follows from acceptance,DATABASE_COMMAND_OPTION_SUPPORT_CATALOG; listCommands.supportedOptions,Mongoeco,Mongoeco operational command contract,owner_claim_effective,src/mongoeco/compat/_catalog_operation_options.py#DATABASE_COMMAND_OPTION_SUPPORT_CATALOG/count/maxTimeMS,,,option_level_oracle_pending
Mongoeco,src/mongoeco/compat/_catalog_operation_options.py,d5b1da9a5fecf795276a7eb76e64fbd5d3c48a64205689155ed4db03efd6c86d,013b5c7fa5131912ce44996c231137f1c37d25e0,/databaseCommands/count/options/query,Compiled into the same local find-selection path used to execute the count command.,command=count; option=query; selected local engine and configuration,Command caller chooses request option; no CXP compatibility claim follows from acceptance,DATABASE_COMMAND_OPTION_SUPPORT_CATALOG; listCommands.supportedOptions,Mongoeco,Mongoeco operational command contract,owner_claim_effective,src/mongoeco/compat/_catalog_operation_options.py#DATABASE_COMMAND_OPTION_SUPPORT_CATALOG/count/query,,,option_level_oracle_pending
Mongoeco,src/mongoeco/compat/_catalog_operation_options.py,d5b1da9a5fecf795276a7eb76e64fbd5d3c48a64205689155ed4db03efd6c86d,013b5c7fa5131912ce44996c231137f1c37d25e0,/databaseCommands/count/options/skip,Applied before materializing the local count result.,command=count; option=skip; selected local engine and configuration,Command caller chooses request option; no CXP compatibility claim follows from acceptance,DATABASE_COMMAND_OPTION_SUPPORT_CATALOG; listCommands.supportedOptions,Mongoeco,Mongoeco operational command contract,owner_claim_effective,src/mongoeco/compat/_catalog_operation_options.py#DATABASE_COMMAND_OPTION_SUPPORT_CATALOG/count/skip,,,option_level_oracle_pending
Mongoeco,src/mongoeco/compat/_catalog_operation_options.py,d5b1da9a5fecf795276a7eb76e64fbd5d3c48a64205689155ed4db03efd6c86d,013b5c7fa5131912ce44996c231137f1c37d25e0,/databaseCommands/createIndexes/options/comment,Recorded in engine session metadata for index administration.,command=createIndexes; option=comment; selected local engine and configuration,Command caller chooses request option; no CXP compatibility claim follows from acceptance,DATABASE_COMMAND_OPTION_SUPPORT_CATALOG; listCommands.supportedOptions,Mongoeco,Mongoeco operational command contract,owner_claim_effective,src/mongoeco/compat/_catalog_operation_options.py#DATABASE_COMMAND_OPTION_SUPPORT_CATALOG/createIndexes/comment,,,option_level_oracle_pending
Mongoeco,src/mongoeco/compat/_catalog_operation_options.py,d5b1da9a5fecf795276a7eb76e64fbd5d3c48a64205689155ed4db03efd6c86d,013b5c7fa5131912ce44996c231137f1c37d25e0,/databaseCommands/createIndexes/options/maxTimeMS,Enforced as a local deadline across the command index batch.,command=createIndexes; option=maxTimeMS; selected local engine and configuration,Command caller chooses request option; no CXP compatibility claim follows from acceptance,DATABASE_COMMAND_OPTION_SUPPORT_CATALOG; listCommands.supportedOptions,Mongoeco,Mongoeco operational command contract,owner_claim_effective,src/mongoeco/compat/_catalog_operation_options.py#DATABASE_COMMAND_OPTION_SUPPORT_CATALOG/createIndexes/maxTimeMS,,,option_level_oracle_pending
Mongoeco,src/mongoeco/compat/_catalog_operation_options.py,d5b1da9a5fecf795276a7eb76e64fbd5d3c48a64205689155ed4db03efd6c86d,013b5c7fa5131912ce44996c231137f1c37d25e0,/databaseCommands/currentOp/options/comment,Accepted for command parity and recorded in local admin profiling metadata when supplied.,command=currentOp; option=comment; selected local engine and configuration,Command caller chooses request option; no CXP compatibility claim follows from acceptance,DATABASE_COMMAND_OPTION_SUPPORT_CATALOG; listCommands.supportedOptions,Mongoeco,Mongoeco operational command contract,owner_claim_effective,src/mongoeco/compat/_catalog_operation_options.py#DATABASE_COMMAND_OPTION_SUPPORT_CATALOG/currentOp/comment,,,option_level_oracle_pending
Mongoeco,src/mongoeco/compat/_catalog_operation_options.py,d5b1da9a5fecf795276a7eb76e64fbd5d3c48a64205689155ed4db03efd6c86d,013b5c7fa5131912ce44996c231137f1c37d25e0,/databaseCommands/dbHash/options/collections,Limits hashing to the selected local collections while preserving a stable collection-order contract.,command=dbHash; option=collections; selected local engine and configuration,Command caller chooses request option; no CXP compatibility claim follows from acceptance,DATABASE_COMMAND_OPTION_SUPPORT_CATALOG; listCommands.supportedOptions,Mongoeco,Mongoeco operational command contract,owner_claim_effective,src/mongoeco/compat/_catalog_operation_options.py#DATABASE_COMMAND_OPTION_SUPPORT_CATALOG/dbHash/collections,,,option_level_oracle_pending
Mongoeco,src/mongoeco/compat/_catalog_operation_options.py,d5b1da9a5fecf795276a7eb76e64fbd5d3c48a64205689155ed4db03efd6c86d,013b5c7fa5131912ce44996c231137f1c37d25e0,/databaseCommands/dbHash/options/comment,Accepted for command parity and recorded in command profiling metadata.,command=dbHash; option=comment; selected local engine and configuration,Command caller chooses request option; no CXP compatibility claim follows from acceptance,DATABASE_COMMAND_OPTION_SUPPORT_CATALOG; listCommands.supportedOptions,Mongoeco,Mongoeco operational command contract,owner_claim_effective,src/mongoeco/compat/_catalog_operation_options.py#DATABASE_COMMAND_OPTION_SUPPORT_CATALOG/dbHash/comment,,,option_level_oracle_pending
Mongoeco,src/mongoeco/compat/_catalog_operation_options.py,d5b1da9a5fecf795276a7eb76e64fbd5d3c48a64205689155ed4db03efd6c86d,013b5c7fa5131912ce44996c231137f1c37d25e0,/databaseCommands/dbStats/options/scale,Applied to size-oriented metrics in the local database stats snapshot.,command=dbStats; option=scale; selected local engine and configuration,Command caller chooses request option; no CXP compatibility claim follows from acceptance,DATABASE_COMMAND_OPTION_SUPPORT_CATALOG; listCommands.supportedOptions,Mongoeco,Mongoeco operational command contract,owner_claim_effective,src/mongoeco/compat/_catalog_operation_options.py#DATABASE_COMMAND_OPTION_SUPPORT_CATALOG/dbStats/scale,,,option_level_oracle_pending
Mongoeco,src/mongoeco/compat/_catalog_operation_options.py,d5b1da9a5fecf795276a7eb76e64fbd5d3c48a64205689155ed4db03efd6c86d,013b5c7fa5131912ce44996c231137f1c37d25e0,/databaseCommands/delete/options/comment,Recorded in engine session metadata for the write command.,command=delete; option=comment; selected local engine and configuration,Command caller chooses request option; no CXP compatibility claim follows from acceptance,DATABASE_COMMAND_OPTION_SUPPORT_CATALOG; listCommands.supportedOptions,Mongoeco,Mongoeco operational command contract,owner_claim_effective,src/mongoeco/compat/_catalog_operation_options.py#DATABASE_COMMAND_OPTION_SUPPORT_CATALOG/delete/comment,,,option_level_oracle_pending
Mongoeco,src/mongoeco/compat/_catalog_operation_options.py,d5b1da9a5fecf795276a7eb76e64fbd5d3c48a64205689155ed4db03efd6c86d,013b5c7fa5131912ce44996c231137f1c37d25e0,/databaseCommands/delete/options/let,Propagated into per-delete filters through $expr when supplied on individual specs.,command=delete; option=let; selected local engine and configuration,Command caller chooses request option; no CXP compatibility claim follows from acceptance,DATABASE_COMMAND_OPTION_SUPPORT_CATALOG; listCommands.supportedOptions,Mongoeco,Mongoeco operational command contract,owner_claim_effective,src/mongoeco/compat/_catalog_operation_options.py#DATABASE_COMMAND_OPTION_SUPPORT_CATALOG/delete/let,,,option_level_oracle_pending
Mongoeco,src/mongoeco/compat/_catalog_operation_options.py,d5b1da9a5fecf795276a7eb76e64fbd5d3c48a64205689155ed4db03efd6c86d,013b5c7fa5131912ce44996c231137f1c37d25e0,/databaseCommands/delete/options/ordered,Controls short-circuiting when one delete specification fails.,command=delete; option=ordered; selected local engine and configuration,Command caller chooses request option; no CXP compatibility claim follows from acceptance,DATABASE_COMMAND_OPTION_SUPPORT_CATALOG; listCommands.supportedOptions,Mongoeco,Mongoeco operational command contract,owner_claim_effective,src/mongoeco/compat/_catalog_operation_options.py#DATABASE_COMMAND_OPTION_SUPPORT_CATALOG/delete/ordered,,,option_level_oracle_pending
Mongoeco,src/mongoeco/compat/_catalog_operation_options.py,d5b1da9a5fecf795276a7eb76e64fbd5d3c48a64205689155ed4db03efd6c86d,013b5c7fa5131912ce44996c231137f1c37d25e0,/databaseCommands/distinct/options/comment,Recorded in engine session metadata for the command execution.,command=distinct; option=comment; selected local engine and configuration,Command caller chooses request option; no CXP compatibility claim follows from acceptance,DATABASE_COMMAND_OPTION_SUPPORT_CATALOG; listCommands.supportedOptions,Mongoeco,Mongoeco operational command contract,owner_claim_effective,src/mongoeco/compat/_catalog_operation_options.py#DATABASE_COMMAND_OPTION_SUPPORT_CATALOG/distinct/comment,,,option_level_oracle_pending
Mongoeco,src/mongoeco/compat/_catalog_operation_options.py,d5b1da9a5fecf795276a7eb76e64fbd5d3c48a64205689155ed4db03efd6c86d,013b5c7fa5131912ce44996c231137f1c37d25e0,/databaseCommands/distinct/options/hint,Applied through the underlying read selection path used by the command.,command=distinct; option=hint; selected local engine and configuration,Command caller chooses request option; no CXP compatibility claim follows from acceptance,DATABASE_COMMAND_OPTION_SUPPORT_CATALOG; listCommands.supportedOptions,Mongoeco,Mongoeco operational command contract,owner_claim_effective,src/mongoeco/compat/_catalog_operation_options.py#DATABASE_COMMAND_OPTION_SUPPORT_CATALOG/distinct/hint,,,option_level_oracle_pending
Mongoeco,src/mongoeco/compat/_catalog_operation_options.py,d5b1da9a5fecf795276a7eb76e64fbd5d3c48a64205689155ed4db03efd6c86d,013b5c7fa5131912ce44996c231137f1c37d25e0,/databaseCommands/distinct/options/maxTimeMS,Enforced through the underlying distinct selection path.,command=distinct; option=maxTimeMS; selected local engine and configuration,Command caller chooses request option; no CXP compatibility claim follows from acceptance,DATABASE_COMMAND_OPTION_SUPPORT_CATALOG; listCommands.supportedOptions,Mongoeco,Mongoeco operational command contract,owner_claim_effective,src/mongoeco/compat/_catalog_operation_options.py#DATABASE_COMMAND_OPTION_SUPPORT_CATALOG/distinct/maxTimeMS,,,option_level_oracle_pending
Mongoeco,src/mongoeco/compat/_catalog_operation_options.py,d5b1da9a5fecf795276a7eb76e64fbd5d3c48a64205689155ed4db03efd6c86d,013b5c7fa5131912ce44996c231137f1c37d25e0,/databaseCommands/distinct/options/query,Compiled into the same local selection path used to enumerate distinct values.,command=distinct; option=query; selected local engine and configuration,Command caller chooses request option; no CXP compatibility claim follows from acceptance,DATABASE_COMMAND_OPTION_SUPPORT_CATALOG; listCommands.supportedOptions,Mongoeco,Mongoeco operational command contract,owner_claim_effective,src/mongoeco/compat/_catalog_operation_options.py#DATABASE_COMMAND_OPTION_SUPPORT_CATALOG/distinct/query,,,option_level_oracle_pending
Mongoeco,src/mongoeco/compat/_catalog_operation_options.py,d5b1da9a5fecf795276a7eb76e64fbd5d3c48a64205689155ed4db03efd6c86d,013b5c7fa5131912ce44996c231137f1c37d25e0,/databaseCommands/dropIndexes/options/comment,Recorded in engine session metadata for index administration.,command=dropIndexes; option=comment; selected local engine and configuration,Command caller chooses request option; no CXP compatibility claim follows from acceptance,DATABASE_COMMAND_OPTION_SUPPORT_CATALOG; listCommands.supportedOptions,Mongoeco,Mongoeco operational command contract,owner_claim_effective,src/mongoeco/compat/_catalog_operation_options.py#DATABASE_COMMAND_OPTION_SUPPORT_CATALOG/dropIndexes/comment,,,option_level_oracle_pending
Mongoeco,src/mongoeco/compat/_catalog_operation_options.py,d5b1da9a5fecf795276a7eb76e64fbd5d3c48a64205689155ed4db03efd6c86d,013b5c7fa5131912ce44996c231137f1c37d25e0,/databaseCommands/explain/options/comment,Propagated into the explained command where that command supports comment.,command=explain; option=comment; selected local engine and configuration,Command caller chooses request option; no CXP compatibility claim follows from acceptance,DATABASE_COMMAND_OPTION_SUPPORT_CATALOG; listCommands.supportedOptions,Mongoeco,Mongoeco operational command contract,owner_claim_effective,src/mongoeco/compat/_catalog_operation_options.py#DATABASE_COMMAND_OPTION_SUPPORT_CATALOG/explain/comment,,,option_level_oracle_pending
Mongoeco,src/mongoeco/compat/_catalog_operation_options.py,d5b1da9a5fecf795276a7eb76e64fbd5d3c48a64205689155ed4db03efd6c86d,013b5c7fa5131912ce44996c231137f1c37d25e0,/databaseCommands/explain/options/maxTimeMS,Propagated into the explained command where that command supports maxTimeMS.,command=explain; option=maxTimeMS; selected local engine and configuration,Command caller chooses request option; no CXP compatibility claim follows from acceptance,DATABASE_COMMAND_OPTION_SUPPORT_CATALOG; listCommands.supportedOptions,Mongoeco,Mongoeco operational command contract,owner_claim_effective,src/mongoeco/compat/_catalog_operation_options.py#DATABASE_COMMAND_OPTION_SUPPORT_CATALOG/explain/maxTimeMS,,,option_level_oracle_pending
Mongoeco,src/mongoeco/compat/_catalog_operation_options.py,d5b1da9a5fecf795276a7eb76e64fbd5d3c48a64205689155ed4db03efd6c86d,013b5c7fa5131912ce44996c231137f1c37d25e0,/databaseCommands/explain/options/verbosity,"Accepted and surfaced in explain responses for supported routed commands, including find/aggregate/update/delete/count/distinct/findAndModify.",command=explain; option=verbosity; selected local engine and configuration,Command caller chooses request option; no CXP compatibility claim follows from acceptance,DATABASE_COMMAND_OPTION_SUPPORT_CATALOG; listCommands.supportedOptions,Mongoeco,Mongoeco operational command contract,owner_claim_effective,src/mongoeco/compat/_catalog_operation_options.py#DATABASE_COMMAND_OPTION_SUPPORT_CATALOG/explain/verbosity,,,option_level_oracle_pending
Mongoeco,src/mongoeco/compat/_catalog_operation_options.py,d5b1da9a5fecf795276a7eb76e64fbd5d3c48a64205689155ed4db03efd6c86d,013b5c7fa5131912ce44996c231137f1c37d25e0,/databaseCommands/find/options/batchSize,Materialized into the command cursor surface.,command=find; option=batchSize; selected local engine and configuration,Command caller chooses request option; no CXP compatibility claim follows from acceptance,DATABASE_COMMAND_OPTION_SUPPORT_CATALOG; listCommands.supportedOptions,Mongoeco,Mongoeco operational command contract,owner_claim_effective,src/mongoeco/compat/_catalog_operation_options.py#DATABASE_COMMAND_OPTION_SUPPORT_CATALOG/find/batchSize,,,option_level_oracle_pending
Mongoeco,src/mongoeco/compat/_catalog_operation_options.py,d5b1da9a5fecf795276a7eb76e64fbd5d3c48a64205689155ed4db03efd6c86d,013b5c7fa5131912ce44996c231137f1c37d25e0,/databaseCommands/find/options/comment,Recorded in engine session metadata for the command execution.,command=find; option=comment; selected local engine and configuration,Command caller chooses request option; no CXP compatibility claim follows from acceptance,DATABASE_COMMAND_OPTION_SUPPORT_CATALOG; listCommands.supportedOptions,Mongoeco,Mongoeco operational command contract,owner_claim_effective,src/mongoeco/compat/_catalog_operation_options.py#DATABASE_COMMAND_OPTION_SUPPORT_CATALOG/find/comment,,,option_level_oracle_pending
Mongoeco,src/mongoeco/compat/_catalog_operation_options.py,d5b1da9a5fecf795276a7eb76e64fbd5d3c48a64205689155ed4db03efd6c86d,013b5c7fa5131912ce44996c231137f1c37d25e0,/databaseCommands/find/options/filter,Compiled into the same local find operation shape as the collection API.,command=find; option=filter; selected local engine and configuration,Command caller chooses request option; no CXP compatibility claim follows from acceptance,DATABASE_COMMAND_OPTION_SUPPORT_CATALOG; listCommands.supportedOptions,Mongoeco,Mongoeco operational command contract,owner_claim_effective,src/mongoeco/compat/_catalog_operation_options.py#DATABASE_COMMAND_OPTION_SUPPORT_CATALOG/find/filter,,,option_level_oracle_pending
Mongoeco,src/mongoeco/compat/_catalog_operation_options.py,d5b1da9a5fecf795276a7eb76e64fbd5d3c48a64205689155ed4db03efd6c86d,013b5c7fa5131912ce44996c231137f1c37d25e0,/databaseCommands/find/options/hint,Applied to command read planning and surfaced in explain.,command=find; option=hint; selected local engine and configuration,Command caller chooses request option; no CXP compatibility claim follows from acceptance,DATABASE_COMMAND_OPTION_SUPPORT_CATALOG; listCommands.supportedOptions,Mongoeco,Mongoeco operational command contract,owner_claim_effective,src/mongoeco/compat/_catalog_operation_options.py#DATABASE_COMMAND_OPTION_SUPPORT_CATALOG/find/hint,,,option_level_oracle_pending
Mongoeco,src/mongoeco/compat/_catalog_operation_options.py,d5b1da9a5fecf795276a7eb76e64fbd5d3c48a64205689155ed4db03efd6c86d,013b5c7fa5131912ce44996c231137f1c37d25e0,/databaseCommands/find/options/let,Propagated into command-level $expr evaluation.,command=find; option=let; selected local engine and configuration,Command caller chooses request option; no CXP compatibility claim follows from acceptance,DATABASE_COMMAND_OPTION_SUPPORT_CATALOG; listCommands.supportedOptions,Mongoeco,Mongoeco operational command contract,owner_claim_effective,src/mongoeco/compat/_catalog_operation_options.py#DATABASE_COMMAND_OPTION_SUPPORT_CATALOG/find/let,,,option_level_oracle_pending
Mongoeco,src/mongoeco/compat/_catalog_operation_options.py,d5b1da9a5fecf795276a7eb76e64fbd5d3c48a64205689155ed4db03efd6c86d,013b5c7fa5131912ce44996c231137f1c37d25e0,/databaseCommands/find/options/limit,Applied before command cursor materialization.,command=find; option=limit; selected local engine and configuration,Command caller chooses request option; no CXP compatibility claim follows from acceptance,DATABASE_COMMAND_OPTION_SUPPORT_CATALOG; listCommands.supportedOptions,Mongoeco,Mongoeco operational command contract,owner_claim_effective,src/mongoeco/compat/_catalog_operation_options.py#DATABASE_COMMAND_OPTION_SUPPORT_CATALOG/find/limit,,,option_level_oracle_pending
Mongoeco,src/mongoeco/compat/_catalog_operation_options.py,d5b1da9a5fecf795276a7eb76e64fbd5d3c48a64205689155ed4db03efd6c86d,013b5c7fa5131912ce44996c231137f1c37d25e0,/databaseCommands/find/options/maxTimeMS,Enforced during command read execution and explain.,command=find; option=maxTimeMS; selected local engine and configuration,Command caller chooses request option; no CXP compatibility claim follows from acceptance,DATABASE_COMMAND_OPTION_SUPPORT_CATALOG; listCommands.supportedOptions,Mongoeco,Mongoeco operational command contract,owner_claim_effective,src/mongoeco/compat/_catalog_operation_options.py#DATABASE_COMMAND_OPTION_SUPPORT_CATALOG/find/maxTimeMS,,,option_level_oracle_pending
Mongoeco,src/mongoeco/compat/_catalog_operation_options.py,d5b1da9a5fecf795276a7eb76e64fbd5d3c48a64205689155ed4db03efd6c86d,013b5c7fa5131912ce44996c231137f1c37d25e0,/databaseCommands/find/options/projection,Applied to command cursor materialization using the same projection semantics as the collection API.,command=find; option=projection; selected local engine and configuration,Command caller chooses request option; no CXP compatibility claim follows from acceptance,DATABASE_COMMAND_OPTION_SUPPORT_CATALOG; listCommands.supportedOptions,Mongoeco,Mongoeco operational command contract,owner_claim_effective,src/mongoeco/compat/_catalog_operation_options.py#DATABASE_COMMAND_OPTION_SUPPORT_CATALOG/find/projection,,,option_level_oracle_pending
Mongoeco,src/mongoeco/compat/_catalog_operation_options.py,d5b1da9a5fecf795276a7eb76e64fbd5d3c48a64205689155ed4db03efd6c86d,013b5c7fa5131912ce44996c231137f1c37d25e0,/databaseCommands/find/options/skip,Applied before command cursor materialization.,command=find; option=skip; selected local engine and configuration,Command caller chooses request option; no CXP compatibility claim follows from acceptance,DATABASE_COMMAND_OPTION_SUPPORT_CATALOG; listCommands.supportedOptions,Mongoeco,Mongoeco operational command contract,owner_claim_effective,src/mongoeco/compat/_catalog_operation_options.py#DATABASE_COMMAND_OPTION_SUPPORT_CATALOG/find/skip,,,option_level_oracle_pending
Mongoeco,src/mongoeco/compat/_catalog_operation_options.py,d5b1da9a5fecf795276a7eb76e64fbd5d3c48a64205689155ed4db03efd6c86d,013b5c7fa5131912ce44996c231137f1c37d25e0,/databaseCommands/find/options/sort,Applied to command read planning and result materialization.,command=find; option=sort; selected local engine and configuration,Command caller chooses request option; no CXP compatibility claim follows from acceptance,DATABASE_COMMAND_OPTION_SUPPORT_CATALOG; listCommands.supportedOptions,Mongoeco,Mongoeco operational command contract,owner_claim_effective,src/mongoeco/compat/_catalog_operation_options.py#DATABASE_COMMAND_OPTION_SUPPORT_CATALOG/find/sort,,,option_level_oracle_pending
Mongoeco,src/mongoeco/compat/_catalog_operation_options.py,d5b1da9a5fecf795276a7eb76e64fbd5d3c48a64205689155ed4db03efd6c86d,013b5c7fa5131912ce44996c231137f1c37d25e0,/databaseCommands/findAndModify/options/arrayFilters,Applied through the underlying write path for supported filtered positional updates.,command=findAndModify; option=arrayFilters; selected local engine and configuration,Command caller chooses request option; no CXP compatibility claim follows from acceptance,DATABASE_COMMAND_OPTION_SUPPORT_CATALOG; listCommands.supportedOptions,Mongoeco,Mongoeco operational command contract,owner_claim_effective,src/mongoeco/compat/_catalog_operation_options.py#DATABASE_COMMAND_OPTION_SUPPORT_CATALOG/findAndModify/arrayFilters,,,option_level_oracle_pending
Mongoeco,src/mongoeco/compat/_catalog_operation_options.py,d5b1da9a5fecf795276a7eb76e64fbd5d3c48a64205689155ed4db03efd6c86d,013b5c7fa5131912ce44996c231137f1c37d25e0,/databaseCommands/findAndModify/options/bypassDocumentValidation,Validated and propagated through replacement/update command routing.,command=findAndModify; option=bypassDocumentValidation; selected local engine and configuration,Command caller chooses request option; no CXP compatibility claim follows from acceptance,DATABASE_COMMAND_OPTION_SUPPORT_CATALOG; listCommands.supportedOptions,Mongoeco,Mongoeco operational command contract,owner_claim_effective,src/mongoeco/compat/_catalog_operation_options.py#DATABASE_COMMAND_OPTION_SUPPORT_CATALOG/findAndModify/bypassDocumentValidation,,,option_level_oracle_pending
Mongoeco,src/mongoeco/compat/_catalog_operation_options.py,d5b1da9a5fecf795276a7eb76e64fbd5d3c48a64205689155ed4db03efd6c86d,013b5c7fa5131912ce44996c231137f1c37d25e0,/databaseCommands/findAndModify/options/comment,Recorded in engine session metadata for the command execution.,command=findAndModify; option=comment; selected local engine and configuration,Command caller chooses request option; no CXP compatibility claim follows from acceptance,DATABASE_COMMAND_OPTION_SUPPORT_CATALOG; listCommands.supportedOptions,Mongoeco,Mongoeco operational command contract,owner_claim_effective,src/mongoeco/compat/_catalog_operation_options.py#DATABASE_COMMAND_OPTION_SUPPORT_CATALOG/findAndModify/comment,,,option_level_oracle_pending
Mongoeco,src/mongoeco/compat/_catalog_operation_options.py,d5b1da9a5fecf795276a7eb76e64fbd5d3c48a64205689155ed4db03efd6c86d,013b5c7fa5131912ce44996c231137f1c37d25e0,/databaseCommands/findAndModify/options/hint,Applied through hinted selection and post-write fetch.,command=findAndModify; option=hint; selected local engine and configuration,Command caller chooses request option; no CXP compatibility claim follows from acceptance,DATABASE_COMMAND_OPTION_SUPPORT_CATALOG; listCommands.supportedOptions,Mongoeco,Mongoeco operational command contract,owner_claim_effective,src/mongoeco/compat/_catalog_operation_options.py#DATABASE_COMMAND_OPTION_SUPPORT_CATALOG/findAndModify/hint,,,option_level_oracle_pending
Mongoeco,src/mongoeco/compat/_catalog_operation_options.py,d5b1da9a5fecf795276a7eb76e64fbd5d3c48a64205689155ed4db03efd6c86d,013b5c7fa5131912ce44996c231137f1c37d25e0,/databaseCommands/findAndModify/options/let,Propagated into command-level $expr evaluation for the write filter.,command=findAndModify; option=let; selected local engine and configuration,Command caller chooses request option; no CXP compatibility claim follows from acceptance,DATABASE_COMMAND_OPTION_SUPPORT_CATALOG; listCommands.supportedOptions,Mongoeco,Mongoeco operational command contract,owner_claim_effective,src/mongoeco/compat/_catalog_operation_options.py#DATABASE_COMMAND_OPTION_SUPPORT_CATALOG/findAndModify/let,,,option_level_oracle_pending
Mongoeco,src/mongoeco/compat/_catalog_operation_options.py,d5b1da9a5fecf795276a7eb76e64fbd5d3c48a64205689155ed4db03efd6c86d,013b5c7fa5131912ce44996c231137f1c37d25e0,/databaseCommands/findAndModify/options/maxTimeMS,Propagated through the underlying selection path and enforced there.,command=findAndModify; option=maxTimeMS; selected local engine and configuration,Command caller chooses request option; no CXP compatibility claim follows from acceptance,DATABASE_COMMAND_OPTION_SUPPORT_CATALOG; listCommands.supportedOptions,Mongoeco,Mongoeco operational command contract,owner_claim_effective,src/mongoeco/compat/_catalog_operation_options.py#DATABASE_COMMAND_OPTION_SUPPORT_CATALOG/findAndModify/maxTimeMS,,,option_level_oracle_pending
Mongoeco,src/mongoeco/compat/_catalog_operation_options.py,d5b1da9a5fecf795276a7eb76e64fbd5d3c48a64205689155ed4db03efd6c86d,013b5c7fa5131912ce44996c231137f1c37d25e0,/databaseCommands/findAndModify/options/sort,Applied through the underlying find-and-modify selection path.,command=findAndModify; option=sort; selected local engine and configuration,Command caller chooses request option; no CXP compatibility claim follows from acceptance,DATABASE_COMMAND_OPTION_SUPPORT_CATALOG; listCommands.supportedOptions,Mongoeco,Mongoeco operational command contract,owner_claim_effective,src/mongoeco/compat/_catalog_operation_options.py#DATABASE_COMMAND_OPTION_SUPPORT_CATALOG/findAndModify/sort,,,option_level_oracle_pending
Mongoeco,src/mongoeco/compat/_catalog_operation_options.py,d5b1da9a5fecf795276a7eb76e64fbd5d3c48a64205689155ed4db03efd6c86d,013b5c7fa5131912ce44996c231137f1c37d25e0,/databaseCommands/insert/options/bypassDocumentValidation,Validated and propagated through command routing.,command=insert; option=bypassDocumentValidation; selected local engine and configuration,Command caller chooses request option; no CXP compatibility claim follows from acceptance,DATABASE_COMMAND_OPTION_SUPPORT_CATALOG; listCommands.supportedOptions,Mongoeco,Mongoeco operational command contract,owner_claim_effective,src/mongoeco/compat/_catalog_operation_options.py#DATABASE_COMMAND_OPTION_SUPPORT_CATALOG/insert/bypassDocumentValidation,,,option_level_oracle_pending
Mongoeco,src/mongoeco/compat/_catalog_operation_options.py,d5b1da9a5fecf795276a7eb76e64fbd5d3c48a64205689155ed4db03efd6c86d,013b5c7fa5131912ce44996c231137f1c37d25e0,/databaseCommands/insert/options/comment,Recorded in engine session metadata for the write command.,command=insert; option=comment; selected local engine and configuration,Command caller chooses request option; no CXP compatibility claim follows from acceptance,DATABASE_COMMAND_OPTION_SUPPORT_CATALOG; listCommands.supportedOptions,Mongoeco,Mongoeco operational command contract,owner_claim_effective,src/mongoeco/compat/_catalog_operation_options.py#DATABASE_COMMAND_OPTION_SUPPORT_CATALOG/insert/comment,,,option_level_oracle_pending
Mongoeco,src/mongoeco/compat/_catalog_operation_options.py,d5b1da9a5fecf795276a7eb76e64fbd5d3c48a64205689155ed4db03efd6c86d,013b5c7fa5131912ce44996c231137f1c37d25e0,/databaseCommands/insert/options/ordered,Controls short-circuiting when one insert document fails.,command=insert; option=ordered; selected local engine and configuration,Command caller chooses request option; no CXP compatibility claim follows from acceptance,DATABASE_COMMAND_OPTION_SUPPORT_CATALOG; listCommands.supportedOptions,Mongoeco,Mongoeco operational command contract,owner_claim_effective,src/mongoeco/compat/_catalog_operation_options.py#DATABASE_COMMAND_OPTION_SUPPORT_CATALOG/insert/ordered,,,option_level_oracle_pending
Mongoeco,src/mongoeco/compat/_catalog_operation_options.py,d5b1da9a5fecf795276a7eb76e64fbd5d3c48a64205689155ed4db03efd6c86d,013b5c7fa5131912ce44996c231137f1c37d25e0,/databaseCommands/killOp/options/comment,Accepted for command parity and recorded in local admin profiling metadata when supplied.,command=killOp; option=comment; selected local engine and configuration,Command caller chooses request option; no CXP compatibility claim follows from acceptance,DATABASE_COMMAND_OPTION_SUPPORT_CATALOG; listCommands.supportedOptions,Mongoeco,Mongoeco operational command contract,owner_claim_effective,src/mongoeco/compat/_catalog_operation_options.py#DATABASE_COMMAND_OPTION_SUPPORT_CATALOG/killOp/comment,,,option_level_oracle_pending
Mongoeco,src/mongoeco/compat/_catalog_operation_options.py,d5b1da9a5fecf795276a7eb76e64fbd5d3c48a64205689155ed4db03efd6c86d,013b5c7fa5131912ce44996c231137f1c37d25e0,/databaseCommands/killOp/options/op,Identifies the locally registered operation to cancel on a best-effort basis.,command=killOp; option=op; selected local engine and configuration,Command caller chooses request option; no CXP compatibility claim follows from acceptance,DATABASE_COMMAND_OPTION_SUPPORT_CATALOG; listCommands.supportedOptions,Mongoeco,Mongoeco operational command contract,owner_claim_effective,src/mongoeco/compat/_catalog_operation_options.py#DATABASE_COMMAND_OPTION_SUPPORT_CATALOG/killOp/op,,,option_level_oracle_pending
Mongoeco,src/mongoeco/compat/_catalog_operation_options.py,d5b1da9a5fecf795276a7eb76e64fbd5d3c48a64205689155ed4db03efd6c86d,013b5c7fa5131912ce44996c231137f1c37d25e0,/databaseCommands/listCollections/options/authorizedCollections,Accepted and type-checked for wire/API parity; local namespace listing does not apply an authorization filter.,command=listCollections; option=authorizedCollections; selected local engine and configuration,Command caller chooses request option; no CXP compatibility claim follows from acceptance,DATABASE_COMMAND_OPTION_SUPPORT_CATALOG; listCommands.supportedOptions,Mongoeco,Mongoeco operational command contract,accepted_noop,src/mongoeco/compat/_catalog_operation_options.py#DATABASE_COMMAND_OPTION_SUPPORT_CATALOG/listCollections/authorizedCollections,tests/unit/test_database_command_option_conservation.py::test_accepted_noop_options_preserve_result,tests/unit/test_database_command_option_conservation.py::test_accepted_noop_options_reject_wrong_type,bounded_noop_verified
Mongoeco,src/mongoeco/compat/_catalog_operation_options.py,d5b1da9a5fecf795276a7eb76e64fbd5d3c48a64205689155ed4db03efd6c86d,013b5c7fa5131912ce44996c231137f1c37d25e0,/databaseCommands/listCollections/options/comment,Recorded in engine session metadata for the admin read command.,command=listCollections; option=comment; selected local engine and configuration,Command caller chooses request option; no CXP compatibility claim follows from acceptance,DATABASE_COMMAND_OPTION_SUPPORT_CATALOG; listCommands.supportedOptions,Mongoeco,Mongoeco operational command contract,owner_claim_effective,src/mongoeco/compat/_catalog_operation_options.py#DATABASE_COMMAND_OPTION_SUPPORT_CATALOG/listCollections/comment,,,option_level_oracle_pending
Mongoeco,src/mongoeco/compat/_catalog_operation_options.py,d5b1da9a5fecf795276a7eb76e64fbd5d3c48a64205689155ed4db03efd6c86d,013b5c7fa5131912ce44996c231137f1c37d25e0,/databaseCommands/listCollections/options/filter,Applied to the local namespace snapshot before cursor materialization.,command=listCollections; option=filter; selected local engine and configuration,Command caller chooses request option; no CXP compatibility claim follows from acceptance,DATABASE_COMMAND_OPTION_SUPPORT_CATALOG; listCommands.supportedOptions,Mongoeco,Mongoeco operational command contract,owner_claim_effective,src/mongoeco/compat/_catalog_operation_options.py#DATABASE_COMMAND_OPTION_SUPPORT_CATALOG/listCollections/filter,,,option_level_oracle_pending
Mongoeco,src/mongoeco/compat/_catalog_operation_options.py,d5b1da9a5fecf795276a7eb76e64fbd5d3c48a64205689155ed4db03efd6c86d,013b5c7fa5131912ce44996c231137f1c37d25e0,/databaseCommands/listCollections/options/nameOnly,Controls the fields exposed by the listCollections cursor.,command=listCollections; option=nameOnly; selected local engine and configuration,Command caller chooses request option; no CXP compatibility claim follows from acceptance,DATABASE_COMMAND_OPTION_SUPPORT_CATALOG; listCommands.supportedOptions,Mongoeco,Mongoeco operational command contract,owner_claim_effective,src/mongoeco/compat/_catalog_operation_options.py#DATABASE_COMMAND_OPTION_SUPPORT_CATALOG/listCollections/nameOnly,,,option_level_oracle_pending
Mongoeco,src/mongoeco/compat/_catalog_operation_options.py,d5b1da9a5fecf795276a7eb76e64fbd5d3c48a64205689155ed4db03efd6c86d,013b5c7fa5131912ce44996c231137f1c37d25e0,/databaseCommands/listDatabases/options/comment,Recorded in engine session metadata for the admin read command.,command=listDatabases; option=comment; selected local engine and configuration,Command caller chooses request option; no CXP compatibility claim follows from acceptance,DATABASE_COMMAND_OPTION_SUPPORT_CATALOG; listCommands.supportedOptions,Mongoeco,Mongoeco operational command contract,owner_claim_effective,src/mongoeco/compat/_catalog_operation_options.py#DATABASE_COMMAND_OPTION_SUPPORT_CATALOG/listDatabases/comment,,,option_level_oracle_pending
Mongoeco,src/mongoeco/compat/_catalog_operation_options.py,d5b1da9a5fecf795276a7eb76e64fbd5d3c48a64205689155ed4db03efd6c86d,013b5c7fa5131912ce44996c231137f1c37d25e0,/databaseCommands/listDatabases/options/filter,Applied to the local database snapshot before materialization.,command=listDatabases; option=filter; selected local engine and configuration,Command caller chooses request option; no CXP compatibility claim follows from acceptance,DATABASE_COMMAND_OPTION_SUPPORT_CATALOG; listCommands.supportedOptions,Mongoeco,Mongoeco operational command contract,owner_claim_effective,src/mongoeco/compat/_catalog_operation_options.py#DATABASE_COMMAND_OPTION_SUPPORT_CATALOG/listDatabases/filter,,,option_level_oracle_pending
Mongoeco,src/mongoeco/compat/_catalog_operation_options.py,d5b1da9a5fecf795276a7eb76e64fbd5d3c48a64205689155ed4db03efd6c86d,013b5c7fa5131912ce44996c231137f1c37d25e0,/databaseCommands/listDatabases/options/nameOnly,Controls the fields exposed by the listDatabases response.,command=listDatabases; option=nameOnly; selected local engine and configuration,Command caller chooses request option; no CXP compatibility claim follows from acceptance,DATABASE_COMMAND_OPTION_SUPPORT_CATALOG; listCommands.supportedOptions,Mongoeco,Mongoeco operational command contract,owner_claim_effective,src/mongoeco/compat/_catalog_operation_options.py#DATABASE_COMMAND_OPTION_SUPPORT_CATALOG/listDatabases/nameOnly,,,option_level_oracle_pending
Mongoeco,src/mongoeco/compat/_catalog_operation_options.py,d5b1da9a5fecf795276a7eb76e64fbd5d3c48a64205689155ed4db03efd6c86d,013b5c7fa5131912ce44996c231137f1c37d25e0,/databaseCommands/listIndexes/options/comment,Recorded in engine session metadata for index administration.,command=listIndexes; option=comment; selected local engine and configuration,Command caller chooses request option; no CXP compatibility claim follows from acceptance,DATABASE_COMMAND_OPTION_SUPPORT_CATALOG; listCommands.supportedOptions,Mongoeco,Mongoeco operational command contract,owner_claim_effective,src/mongoeco/compat/_catalog_operation_options.py#DATABASE_COMMAND_OPTION_SUPPORT_CATALOG/listIndexes/comment,,,option_level_oracle_pending
Mongoeco,src/mongoeco/compat/_catalog_operation_options.py,d5b1da9a5fecf795276a7eb76e64fbd5d3c48a64205689155ed4db03efd6c86d,013b5c7fa5131912ce44996c231137f1c37d25e0,/databaseCommands/profile/options/slowms,Propagated through the local profiling control path when a profiling level update is requested; status queries also surface current level and entry counts.,command=profile; option=slowms; selected local engine and configuration,Command caller chooses request option; no CXP compatibility claim follows from acceptance,DATABASE_COMMAND_OPTION_SUPPORT_CATALOG; listCommands.supportedOptions,Mongoeco,Mongoeco operational command contract,owner_claim_effective,src/mongoeco/compat/_catalog_operation_options.py#DATABASE_COMMAND_OPTION_SUPPORT_CATALOG/profile/slowms,,,option_level_oracle_pending
Mongoeco,src/mongoeco/compat/_catalog_operation_options.py,d5b1da9a5fecf795276a7eb76e64fbd5d3c48a64205689155ed4db03efd6c86d,013b5c7fa5131912ce44996c231137f1c37d25e0,/databaseCommands/update/options/arrayFilters,Applied through per-update write execution for supported filtered positional paths.,command=update; option=arrayFilters; selected local engine and configuration,Command caller chooses request option; no CXP compatibility claim follows from acceptance,DATABASE_COMMAND_OPTION_SUPPORT_CATALOG; listCommands.supportedOptions,Mongoeco,Mongoeco operational command contract,owner_claim_effective,src/mongoeco/compat/_catalog_operation_options.py#DATABASE_COMMAND_OPTION_SUPPORT_CATALOG/update/arrayFilters,,,option_level_oracle_pending
Mongoeco,src/mongoeco/compat/_catalog_operation_options.py,d5b1da9a5fecf795276a7eb76e64fbd5d3c48a64205689155ed4db03efd6c86d,013b5c7fa5131912ce44996c231137f1c37d25e0,/databaseCommands/update/options/bypassDocumentValidation,Validated and propagated through replacement/update command routing.,command=update; option=bypassDocumentValidation; selected local engine and configuration,Command caller chooses request option; no CXP compatibility claim follows from acceptance,DATABASE_COMMAND_OPTION_SUPPORT_CATALOG; listCommands.supportedOptions,Mongoeco,Mongoeco operational command contract,owner_claim_effective,src/mongoeco/compat/_catalog_operation_options.py#DATABASE_COMMAND_OPTION_SUPPORT_CATALOG/update/bypassDocumentValidation,,,option_level_oracle_pending
Mongoeco,src/mongoeco/compat/_catalog_operation_options.py,d5b1da9a5fecf795276a7eb76e64fbd5d3c48a64205689155ed4db03efd6c86d,013b5c7fa5131912ce44996c231137f1c37d25e0,/databaseCommands/update/options/comment,Recorded in engine session metadata for the write command.,command=update; option=comment; selected local engine and configuration,Command caller chooses request option; no CXP compatibility claim follows from acceptance,DATABASE_COMMAND_OPTION_SUPPORT_CATALOG; listCommands.supportedOptions,Mongoeco,Mongoeco operational command contract,owner_claim_effective,src/mongoeco/compat/_catalog_operation_options.py#DATABASE_COMMAND_OPTION_SUPPORT_CATALOG/update/comment,,,option_level_oracle_pending
Mongoeco,src/mongoeco/compat/_catalog_operation_options.py,d5b1da9a5fecf795276a7eb76e64fbd5d3c48a64205689155ed4db03efd6c86d,013b5c7fa5131912ce44996c231137f1c37d25e0,/databaseCommands/update/options/let,Propagated into per-update filters through $expr when supplied on individual specs.,command=update; option=let; selected local engine and configuration,Command caller chooses request option; no CXP compatibility claim follows from acceptance,DATABASE_COMMAND_OPTION_SUPPORT_CATALOG; listCommands.supportedOptions,Mongoeco,Mongoeco operational command contract,owner_claim_effective,src/mongoeco/compat/_catalog_operation_options.py#DATABASE_COMMAND_OPTION_SUPPORT_CATALOG/update/let,,,option_level_oracle_pending
Mongoeco,src/mongoeco/compat/_catalog_operation_options.py,d5b1da9a5fecf795276a7eb76e64fbd5d3c48a64205689155ed4db03efd6c86d,013b5c7fa5131912ce44996c231137f1c37d25e0,/databaseCommands/update/options/ordered,Controls short-circuiting when one update specification fails.,command=update; option=ordered; selected local engine and configuration,Command caller chooses request option; no CXP compatibility claim follows from acceptance,DATABASE_COMMAND_OPTION_SUPPORT_CATALOG; listCommands.supportedOptions,Mongoeco,Mongoeco operational command contract,owner_claim_effective,src/mongoeco/compat/_catalog_operation_options.py#DATABASE_COMMAND_OPTION_SUPPORT_CATALOG/update/ordered,,,option_level_oracle_pending
Mongoeco,src/mongoeco/compat/_catalog_operation_options.py,d5b1da9a5fecf795276a7eb76e64fbd5d3c48a64205689155ed4db03efd6c86d,013b5c7fa5131912ce44996c231137f1c37d25e0,/databaseCommands/validate/options/background,Accepted and type-checked; validation reports a warning and runs synchronously.,command=validate; option=background; selected local engine and configuration,Command caller chooses request option; no CXP compatibility claim follows from acceptance,DATABASE_COMMAND_OPTION_SUPPORT_CATALOG; listCommands.supportedOptions,Mongoeco,Mongoeco operational command contract,accepted_noop,src/mongoeco/compat/_catalog_operation_options.py#DATABASE_COMMAND_OPTION_SUPPORT_CATALOG/validate/background,tests/unit/test_database_command_option_conservation.py::test_accepted_noop_options_preserve_result,tests/unit/test_database_command_option_conservation.py::test_accepted_noop_options_reject_wrong_type,bounded_noop_verified
Mongoeco,src/mongoeco/compat/_catalog_operation_options.py,d5b1da9a5fecf795276a7eb76e64fbd5d3c48a64205689155ed4db03efd6c86d,013b5c7fa5131912ce44996c231137f1c37d25e0,/databaseCommands/validate/options/comment,Recorded in engine session metadata for the validation command.,command=validate; option=comment; selected local engine and configuration,Command caller chooses request option; no CXP compatibility claim follows from acceptance,DATABASE_COMMAND_OPTION_SUPPORT_CATALOG; listCommands.supportedOptions,Mongoeco,Mongoeco operational command contract,owner_claim_effective,src/mongoeco/compat/_catalog_operation_options.py#DATABASE_COMMAND_OPTION_SUPPORT_CATALOG/validate/comment,,,option_level_oracle_pending
Mongoeco,src/mongoeco/compat/_catalog_operation_options.py,d5b1da9a5fecf795276a7eb76e64fbd5d3c48a64205689155ed4db03efd6c86d,013b5c7fa5131912ce44996c231137f1c37d25e0,/databaseCommands/validate/options/full,Accepted and type-checked; validation reports a warning and performs the same local pass.,command=validate; option=full; selected local engine and configuration,Command caller chooses request option; no CXP compatibility claim follows from acceptance,DATABASE_COMMAND_OPTION_SUPPORT_CATALOG; listCommands.supportedOptions,Mongoeco,Mongoeco operational command contract,accepted_noop,src/mongoeco/compat/_catalog_operation_options.py#DATABASE_COMMAND_OPTION_SUPPORT_CATALOG/validate/full,tests/unit/test_database_command_option_conservation.py::test_accepted_noop_options_preserve_result,tests/unit/test_database_command_option_conservation.py::test_accepted_noop_options_reject_wrong_type,bounded_noop_verified
Mongoeco,src/mongoeco/compat/_catalog_operation_options.py,d5b1da9a5fecf795276a7eb76e64fbd5d3c48a64205689155ed4db03efd6c86d,013b5c7fa5131912ce44996c231137f1c37d25e0,/databaseCommands/validate/options/scandata,Accepted and type-checked; validation reports a warning and performs the same local scan.,command=validate; option=scandata; selected local engine and configuration,Command caller chooses request option; no CXP compatibility claim follows from acceptance,DATABASE_COMMAND_OPTION_SUPPORT_CATALOG; listCommands.supportedOptions,Mongoeco,Mongoeco operational command contract,accepted_noop,src/mongoeco/compat/_catalog_operation_options.py#DATABASE_COMMAND_OPTION_SUPPORT_CATALOG/validate/scandata,tests/unit/test_database_command_option_conservation.py::test_accepted_noop_options_preserve_result,tests/unit/test_database_command_option_conservation.py::test_accepted_noop_options_reject_wrong_type,bounded_noop_verified
