product,source,handshake_sha256,surface_sha256,connections_sha256,context_sha256,validation_sha256,source_revision,element,meaning,conditions_scope,consumer_decision,owner,destination,disposition,positive_evidence,negative_evidence,status
Mongoeco,src/mongoeco/wire/handshake.py; src/mongoeco/wire/surface.py; src/mongoeco/wire/connections.py; src/mongoeco/wire/_executor_support.py; src/mongoeco/wire/_executor_validation.py,f3b461808ebd60f5a05966792a354213494b9be1ad311ca8c3bd8e273fd69858,86210db786b19c1135252e94c7ba3ff090c8db6acc0fa2b0a235aa2baf0f9264,e578f5566887ce9b1942eb5d160615a11c913d79e32a10c0c2de58dfe19ae8c7,2809c90ac019c5575da655a5bdd1ac42104b408ac81bdc68d679191124de3548,aab4043726da61ba444bc480805826d2910ed4829eadadb409e8e6d2ee3bbe98,1b8369ff8d8466fab6bcfa51393a9bd43ee2ec61,/request/hello,Command value must compare equal to 1 (including True and 1.0); unsupported casing is rejected.,Only this command-name spelling; command validation precedes connection registration.,PyMongo consumes the local wire handshake; no inspected exchange comparison of this field,Mongoeco,Mongoeco operational wire contract,owner_operational,tests/unit/wire/test_proxy.py::WireProxyAsyncUnitTests::test_executor_routes_hello_through_handshake_service_and_connection_context; tests/unit/wire/test_proxy.py::WireProxyAsyncUnitTests::test_executor_hello_accepts_equivalent_one_values,tests/unit/wire/test_proxy.py::WireProxyAsyncUnitTests::test_executor_hello_rejects_invalid_command_values_and_database,bounded_behavior_verified
Mongoeco,src/mongoeco/wire/handshake.py; src/mongoeco/wire/surface.py; src/mongoeco/wire/connections.py; src/mongoeco/wire/_executor_support.py; src/mongoeco/wire/_executor_validation.py,f3b461808ebd60f5a05966792a354213494b9be1ad311ca8c3bd8e273fd69858,86210db786b19c1135252e94c7ba3ff090c8db6acc0fa2b0a235aa2baf0f9264,e578f5566887ce9b1942eb5d160615a11c913d79e32a10c0c2de58dfe19ae8c7,2809c90ac019c5575da655a5bdd1ac42104b408ac81bdc68d679191124de3548,aab4043726da61ba444bc480805826d2910ed4829eadadb409e8e6d2ee3bbe98,1b8369ff8d8466fab6bcfa51393a9bd43ee2ec61,/request/isMaster,Command value must compare equal to 1 (including True and 1.0); unsupported casing is rejected.,Only this command-name spelling; command validation precedes connection registration.,PyMongo consumes the local wire handshake; no inspected exchange comparison of this field,Mongoeco,Mongoeco operational wire contract,owner_operational,tests/unit/wire/test_proxy.py::WireProxyAsyncUnitTests::test_executor_preserves_both_legacy_handshake_aliases; tests/unit/wire/test_proxy.py::WireProxyAsyncUnitTests::test_executor_hello_accepts_equivalent_one_values,tests/unit/wire/test_proxy.py::WireProxyAsyncUnitTests::test_executor_hello_rejects_invalid_command_values_and_database,bounded_behavior_verified
Mongoeco,src/mongoeco/wire/handshake.py; src/mongoeco/wire/surface.py; src/mongoeco/wire/connections.py; src/mongoeco/wire/_executor_support.py; src/mongoeco/wire/_executor_validation.py,f3b461808ebd60f5a05966792a354213494b9be1ad311ca8c3bd8e273fd69858,86210db786b19c1135252e94c7ba3ff090c8db6acc0fa2b0a235aa2baf0f9264,e578f5566887ce9b1942eb5d160615a11c913d79e32a10c0c2de58dfe19ae8c7,2809c90ac019c5575da655a5bdd1ac42104b408ac81bdc68d679191124de3548,aab4043726da61ba444bc480805826d2910ed4829eadadb409e8e6d2ee3bbe98,1b8369ff8d8466fab6bcfa51393a9bd43ee2ec61,/request/ismaster,Command value must compare equal to 1 (including True and 1.0); unsupported casing is rejected.,Only this command-name spelling; command validation precedes connection registration.,PyMongo consumes the local wire handshake; no inspected exchange comparison of this field,Mongoeco,Mongoeco operational wire contract,owner_operational,tests/unit/wire/test_proxy.py::WireProxyAsyncUnitTests::test_executor_preserves_both_legacy_handshake_aliases; tests/unit/wire/test_proxy.py::WireProxyAsyncUnitTests::test_executor_hello_accepts_equivalent_one_values,tests/unit/wire/test_proxy.py::WireProxyAsyncUnitTests::test_executor_hello_rejects_invalid_command_values_and_database,bounded_behavior_verified
Mongoeco,src/mongoeco/wire/handshake.py; src/mongoeco/wire/surface.py; src/mongoeco/wire/connections.py; src/mongoeco/wire/_executor_support.py; src/mongoeco/wire/_executor_validation.py,f3b461808ebd60f5a05966792a354213494b9be1ad311ca8c3bd8e273fd69858,86210db786b19c1135252e94c7ba3ff090c8db6acc0fa2b0a235aa2baf0f9264,e578f5566887ce9b1942eb5d160615a11c913d79e32a10c0c2de58dfe19ae8c7,2809c90ac019c5575da655a5bdd1ac42104b408ac81bdc68d679191124de3548,aab4043726da61ba444bc480805826d2910ed4829eadadb409e8e6d2ee3bbe98,1b8369ff8d8466fab6bcfa51393a9bd43ee2ec61,/request/$db,Effective command database must be a non-empty string.,OP_MSG command envelope; invalid database is rejected before handshake state changes.,PyMongo consumes the local wire handshake; no inspected exchange comparison of this field,Mongoeco,Mongoeco operational wire contract,owner_operational,tests/unit/wire/test_proxy.py::WireProxyAsyncUnitTests::test_executor_routes_hello_through_handshake_service_and_connection_context,tests/unit/wire/test_proxy.py::WireProxyAsyncUnitTests::test_executor_hello_rejects_invalid_command_values_and_database,bounded_behavior_verified
Mongoeco,src/mongoeco/wire/handshake.py; src/mongoeco/wire/surface.py; src/mongoeco/wire/connections.py; src/mongoeco/wire/_executor_support.py; src/mongoeco/wire/_executor_validation.py,f3b461808ebd60f5a05966792a354213494b9be1ad311ca8c3bd8e273fd69858,86210db786b19c1135252e94c7ba3ff090c8db6acc0fa2b0a235aa2baf0f9264,e578f5566887ce9b1942eb5d160615a11c913d79e32a10c0c2de58dfe19ae8c7,2809c90ac019c5575da655a5bdd1ac42104b408ac81bdc68d679191124de3548,aab4043726da61ba444bc480805826d2910ed4829eadadb409e8e6d2ee3bbe98,1b8369ff8d8466fab6bcfa51393a9bd43ee2ec61,/request/client,Dictionary client metadata is copied to connection state; malformed optional metadata does not replace prior valid metadata.,Metadata is local observational state; it is not authenticated or returned as a server guarantee.,PyMongo consumes the local wire handshake; no inspected exchange comparison of this field,Mongoeco,Mongoeco operational wire contract,owner_operational,tests/unit/wire/test_proxy.py::WireProxyAsyncUnitTests::test_executor_routes_hello_through_handshake_service_and_connection_context,tests/unit/wire/test_proxy.py::WireProxyAsyncUnitTests::test_executor_hello_does_not_promote_malformed_optional_metadata,bounded_behavior_verified
Mongoeco,src/mongoeco/wire/handshake.py; src/mongoeco/wire/surface.py; src/mongoeco/wire/connections.py; src/mongoeco/wire/_executor_support.py; src/mongoeco/wire/_executor_validation.py,f3b461808ebd60f5a05966792a354213494b9be1ad311ca8c3bd8e273fd69858,86210db786b19c1135252e94c7ba3ff090c8db6acc0fa2b0a235aa2baf0f9264,e578f5566887ce9b1942eb5d160615a11c913d79e32a10c0c2de58dfe19ae8c7,2809c90ac019c5575da655a5bdd1ac42104b408ac81bdc68d679191124de3548,aab4043726da61ba444bc480805826d2910ed4829eadadb409e8e6d2ee3bbe98,1b8369ff8d8466fab6bcfa51393a9bd43ee2ec61,/request/compression,List of strings is recorded as client preference; malformed optional value does not replace a prior valid value.,No compressor is negotiated and no OP_COMPRESSED transport is supported.,PyMongo consumes the local wire handshake; no inspected exchange comparison of this field,Mongoeco,Mongoeco operational wire contract,owner_operational,tests/unit/wire/test_proxy.py::WireProxyAsyncUnitTests::test_executor_routes_hello_through_handshake_service_and_connection_context,tests/unit/wire/test_proxy.py::WireProxyAsyncUnitTests::test_executor_hello_does_not_promote_malformed_optional_metadata; tests/integration/wire/test_proxy.py::WireProxyIntegrationTests::test_proxy_does_not_negotiate_unsupported_wire_compression,bounded_behavior_verified
Mongoeco,src/mongoeco/wire/handshake.py; src/mongoeco/wire/surface.py; src/mongoeco/wire/connections.py; src/mongoeco/wire/_executor_support.py; src/mongoeco/wire/_executor_validation.py,f3b461808ebd60f5a05966792a354213494b9be1ad311ca8c3bd8e273fd69858,86210db786b19c1135252e94c7ba3ff090c8db6acc0fa2b0a235aa2baf0f9264,e578f5566887ce9b1942eb5d160615a11c913d79e32a10c0c2de58dfe19ae8c7,2809c90ac019c5575da655a5bdd1ac42104b408ac81bdc68d679191124de3548,aab4043726da61ba444bc480805826d2910ed4829eadadb409e8e6d2ee3bbe98,1b8369ff8d8466fab6bcfa51393a9bd43ee2ec61,/response/helloOk,Constant true indicating the local endpoint accepts modern hello.,All successful handshake responses. Invalid command envelope yields no response; that is the negative oracle for this field.,PyMongo consumes the local wire handshake; no inspected exchange comparison of this field,Mongoeco,Mongoeco operational wire contract,owner_operational,tests/unit/wire/test_proxy.py::WireProxyUnitTests::test_handshake_service_uses_surface_limits,tests/unit/wire/test_proxy.py::WireProxyAsyncUnitTests::test_executor_hello_rejects_invalid_command_values_and_database,bounded_behavior_verified
Mongoeco,src/mongoeco/wire/handshake.py; src/mongoeco/wire/surface.py; src/mongoeco/wire/connections.py; src/mongoeco/wire/_executor_support.py; src/mongoeco/wire/_executor_validation.py,f3b461808ebd60f5a05966792a354213494b9be1ad311ca8c3bd8e273fd69858,86210db786b19c1135252e94c7ba3ff090c8db6acc0fa2b0a235aa2baf0f9264,e578f5566887ce9b1942eb5d160615a11c913d79e32a10c0c2de58dfe19ae8c7,2809c90ac019c5575da655a5bdd1ac42104b408ac81bdc68d679191124de3548,aab4043726da61ba444bc480805826d2910ed4829eadadb409e8e6d2ee3bbe98,1b8369ff8d8466fab6bcfa51393a9bd43ee2ec61,/response/isWritablePrimary,Constant true for the local proxy response; does not report physical replica state.,All successful handshake responses. Invalid command envelope yields no response; that is the negative oracle for this field.,PyMongo consumes the local wire handshake; no inspected exchange comparison of this field,Mongoeco,Mongoeco operational wire contract,owner_operational,tests/unit/wire/test_proxy.py::WireProxyUnitTests::test_handshake_service_uses_surface_limits,tests/unit/wire/test_proxy.py::WireProxyAsyncUnitTests::test_executor_hello_rejects_invalid_command_values_and_database,bounded_behavior_verified
Mongoeco,src/mongoeco/wire/handshake.py; src/mongoeco/wire/surface.py; src/mongoeco/wire/connections.py; src/mongoeco/wire/_executor_support.py; src/mongoeco/wire/_executor_validation.py,f3b461808ebd60f5a05966792a354213494b9be1ad311ca8c3bd8e273fd69858,86210db786b19c1135252e94c7ba3ff090c8db6acc0fa2b0a235aa2baf0f9264,e578f5566887ce9b1942eb5d160615a11c913d79e32a10c0c2de58dfe19ae8c7,2809c90ac019c5575da655a5bdd1ac42104b408ac81bdc68d679191124de3548,aab4043726da61ba444bc480805826d2910ed4829eadadb409e8e6d2ee3bbe98,1b8369ff8d8466fab6bcfa51393a9bd43ee2ec61,/response/ismaster,Constant true only for the legacy isMaster and ismaster aliases.,Absent for modern hello; legacy response only. Invalid command envelope yields no response; that is the negative oracle for this field.,PyMongo consumes the local wire handshake; no inspected exchange comparison of this field,Mongoeco,Mongoeco operational wire contract,owner_operational,tests/unit/wire/test_proxy.py::WireProxyUnitTests::test_handshake_service_uses_surface_limits,tests/unit/wire/test_proxy.py::WireProxyAsyncUnitTests::test_executor_hello_rejects_invalid_command_values_and_database,bounded_behavior_verified
Mongoeco,src/mongoeco/wire/handshake.py; src/mongoeco/wire/surface.py; src/mongoeco/wire/connections.py; src/mongoeco/wire/_executor_support.py; src/mongoeco/wire/_executor_validation.py,f3b461808ebd60f5a05966792a354213494b9be1ad311ca8c3bd8e273fd69858,86210db786b19c1135252e94c7ba3ff090c8db6acc0fa2b0a235aa2baf0f9264,e578f5566887ce9b1942eb5d160615a11c913d79e32a10c0c2de58dfe19ae8c7,2809c90ac019c5575da655a5bdd1ac42104b408ac81bdc68d679191124de3548,aab4043726da61ba444bc480805826d2910ed4829eadadb409e8e6d2ee3bbe98,1b8369ff8d8466fab6bcfa51393a9bd43ee2ec61,/response/maxBsonObjectSize,Configured local maximum BSON object size.,Successful response; value comes from WireSurface. Invalid command envelope yields no response; that is the negative oracle for this field.,PyMongo consumes the local wire handshake; no inspected exchange comparison of this field,Mongoeco,Mongoeco operational wire contract,owner_operational,tests/unit/wire/test_proxy.py::WireProxyUnitTests::test_handshake_service_uses_surface_limits,tests/unit/wire/test_proxy.py::WireProxyAsyncUnitTests::test_executor_hello_rejects_invalid_command_values_and_database,bounded_behavior_verified
Mongoeco,src/mongoeco/wire/handshake.py; src/mongoeco/wire/surface.py; src/mongoeco/wire/connections.py; src/mongoeco/wire/_executor_support.py; src/mongoeco/wire/_executor_validation.py,f3b461808ebd60f5a05966792a354213494b9be1ad311ca8c3bd8e273fd69858,86210db786b19c1135252e94c7ba3ff090c8db6acc0fa2b0a235aa2baf0f9264,e578f5566887ce9b1942eb5d160615a11c913d79e32a10c0c2de58dfe19ae8c7,2809c90ac019c5575da655a5bdd1ac42104b408ac81bdc68d679191124de3548,aab4043726da61ba444bc480805826d2910ed4829eadadb409e8e6d2ee3bbe98,1b8369ff8d8466fab6bcfa51393a9bd43ee2ec61,/response/maxMessageSizeBytes,Configured local maximum wire message size.,Successful response; value comes from WireSurface. Invalid command envelope yields no response; that is the negative oracle for this field.,PyMongo consumes the local wire handshake; no inspected exchange comparison of this field,Mongoeco,Mongoeco operational wire contract,owner_operational,tests/unit/wire/test_proxy.py::WireProxyUnitTests::test_handshake_service_uses_surface_limits,tests/unit/wire/test_proxy.py::WireProxyAsyncUnitTests::test_executor_hello_rejects_invalid_command_values_and_database,bounded_behavior_verified
Mongoeco,src/mongoeco/wire/handshake.py; src/mongoeco/wire/surface.py; src/mongoeco/wire/connections.py; src/mongoeco/wire/_executor_support.py; src/mongoeco/wire/_executor_validation.py,f3b461808ebd60f5a05966792a354213494b9be1ad311ca8c3bd8e273fd69858,86210db786b19c1135252e94c7ba3ff090c8db6acc0fa2b0a235aa2baf0f9264,e578f5566887ce9b1942eb5d160615a11c913d79e32a10c0c2de58dfe19ae8c7,2809c90ac019c5575da655a5bdd1ac42104b408ac81bdc68d679191124de3548,aab4043726da61ba444bc480805826d2910ed4829eadadb409e8e6d2ee3bbe98,1b8369ff8d8466fab6bcfa51393a9bd43ee2ec61,/response/maxWriteBatchSize,Configured local maximum write batch size.,Successful response; value comes from WireSurface. Invalid command envelope yields no response; that is the negative oracle for this field.,PyMongo consumes the local wire handshake; no inspected exchange comparison of this field,Mongoeco,Mongoeco operational wire contract,owner_operational,tests/unit/wire/test_proxy.py::WireProxyUnitTests::test_handshake_service_uses_surface_limits,tests/unit/wire/test_proxy.py::WireProxyAsyncUnitTests::test_executor_hello_rejects_invalid_command_values_and_database,bounded_behavior_verified
Mongoeco,src/mongoeco/wire/handshake.py; src/mongoeco/wire/surface.py; src/mongoeco/wire/connections.py; src/mongoeco/wire/_executor_support.py; src/mongoeco/wire/_executor_validation.py,f3b461808ebd60f5a05966792a354213494b9be1ad311ca8c3bd8e273fd69858,86210db786b19c1135252e94c7ba3ff090c8db6acc0fa2b0a235aa2baf0f9264,e578f5566887ce9b1942eb5d160615a11c913d79e32a10c0c2de58dfe19ae8c7,2809c90ac019c5575da655a5bdd1ac42104b408ac81bdc68d679191124de3548,aab4043726da61ba444bc480805826d2910ed4829eadadb409e8e6d2ee3bbe98,1b8369ff8d8466fab6bcfa51393a9bd43ee2ec61,/response/logicalSessionTimeoutMinutes,Configured local logical session timeout.,Successful response; value comes from WireSurface. Invalid command envelope yields no response; that is the negative oracle for this field.,PyMongo consumes the local wire handshake; no inspected exchange comparison of this field,Mongoeco,Mongoeco operational wire contract,owner_operational,tests/unit/wire/test_proxy.py::WireProxyUnitTests::test_handshake_service_uses_surface_limits,tests/unit/wire/test_proxy.py::WireProxyAsyncUnitTests::test_executor_hello_rejects_invalid_command_values_and_database,bounded_behavior_verified
Mongoeco,src/mongoeco/wire/handshake.py; src/mongoeco/wire/surface.py; src/mongoeco/wire/connections.py; src/mongoeco/wire/_executor_support.py; src/mongoeco/wire/_executor_validation.py,f3b461808ebd60f5a05966792a354213494b9be1ad311ca8c3bd8e273fd69858,86210db786b19c1135252e94c7ba3ff090c8db6acc0fa2b0a235aa2baf0f9264,e578f5566887ce9b1942eb5d160615a11c913d79e32a10c0c2de58dfe19ae8c7,2809c90ac019c5575da655a5bdd1ac42104b408ac81bdc68d679191124de3548,aab4043726da61ba444bc480805826d2910ed4829eadadb409e8e6d2ee3bbe98,1b8369ff8d8466fab6bcfa51393a9bd43ee2ec61,/response/connectionId,Identifier of the current local wire connection.,Successful response; changes between connection contexts. Invalid command envelope yields no response; that is the negative oracle for this field.,PyMongo consumes the local wire handshake; no inspected exchange comparison of this field,Mongoeco,Mongoeco operational wire contract,owner_operational,tests/unit/wire/test_proxy.py::WireProxyUnitTests::test_handshake_service_uses_surface_limits,tests/unit/wire/test_proxy.py::WireProxyAsyncUnitTests::test_executor_hello_rejects_invalid_command_values_and_database,bounded_behavior_verified
Mongoeco,src/mongoeco/wire/handshake.py; src/mongoeco/wire/surface.py; src/mongoeco/wire/connections.py; src/mongoeco/wire/_executor_support.py; src/mongoeco/wire/_executor_validation.py,f3b461808ebd60f5a05966792a354213494b9be1ad311ca8c3bd8e273fd69858,86210db786b19c1135252e94c7ba3ff090c8db6acc0fa2b0a235aa2baf0f9264,e578f5566887ce9b1942eb5d160615a11c913d79e32a10c0c2de58dfe19ae8c7,2809c90ac019c5575da655a5bdd1ac42104b408ac81bdc68d679191124de3548,aab4043726da61ba444bc480805826d2910ed4829eadadb409e8e6d2ee3bbe98,1b8369ff8d8466fab6bcfa51393a9bd43ee2ec61,/response/minWireVersion,Configured minimum local wire version.,Successful response; does not certify all server features. Invalid command envelope yields no response; that is the negative oracle for this field.,PyMongo consumes the local wire handshake; no inspected exchange comparison of this field,Mongoeco,Mongoeco operational wire contract,owner_operational,tests/unit/wire/test_proxy.py::WireProxyUnitTests::test_handshake_service_uses_surface_limits,tests/unit/wire/test_proxy.py::WireProxyAsyncUnitTests::test_executor_hello_rejects_invalid_command_values_and_database,bounded_behavior_verified
Mongoeco,src/mongoeco/wire/handshake.py; src/mongoeco/wire/surface.py; src/mongoeco/wire/connections.py; src/mongoeco/wire/_executor_support.py; src/mongoeco/wire/_executor_validation.py,f3b461808ebd60f5a05966792a354213494b9be1ad311ca8c3bd8e273fd69858,86210db786b19c1135252e94c7ba3ff090c8db6acc0fa2b0a235aa2baf0f9264,e578f5566887ce9b1942eb5d160615a11c913d79e32a10c0c2de58dfe19ae8c7,2809c90ac019c5575da655a5bdd1ac42104b408ac81bdc68d679191124de3548,aab4043726da61ba444bc480805826d2910ed4829eadadb409e8e6d2ee3bbe98,1b8369ff8d8466fab6bcfa51393a9bd43ee2ec61,/response/maxWireVersion,Configured maximum local wire version.,Successful response; does not certify all server features. Invalid command envelope yields no response; that is the negative oracle for this field.,PyMongo consumes the local wire handshake; no inspected exchange comparison of this field,Mongoeco,Mongoeco operational wire contract,owner_operational,tests/unit/wire/test_proxy.py::WireProxyUnitTests::test_handshake_service_uses_surface_limits,tests/unit/wire/test_proxy.py::WireProxyAsyncUnitTests::test_executor_hello_rejects_invalid_command_values_and_database,bounded_behavior_verified
Mongoeco,src/mongoeco/wire/handshake.py; src/mongoeco/wire/surface.py; src/mongoeco/wire/connections.py; src/mongoeco/wire/_executor_support.py; src/mongoeco/wire/_executor_validation.py,f3b461808ebd60f5a05966792a354213494b9be1ad311ca8c3bd8e273fd69858,86210db786b19c1135252e94c7ba3ff090c8db6acc0fa2b0a235aa2baf0f9264,e578f5566887ce9b1942eb5d160615a11c913d79e32a10c0c2de58dfe19ae8c7,2809c90ac019c5575da655a5bdd1ac42104b408ac81bdc68d679191124de3548,aab4043726da61ba444bc480805826d2910ed4829eadadb409e8e6d2ee3bbe98,1b8369ff8d8466fab6bcfa51393a9bd43ee2ec61,/response/readOnly,Constant false for the local proxy response.,Successful response; does not report external deployment state. Invalid command envelope yields no response; that is the negative oracle for this field.,PyMongo consumes the local wire handshake; no inspected exchange comparison of this field,Mongoeco,Mongoeco operational wire contract,owner_operational,tests/unit/wire/test_proxy.py::WireProxyUnitTests::test_handshake_service_uses_surface_limits,tests/unit/wire/test_proxy.py::WireProxyAsyncUnitTests::test_executor_hello_rejects_invalid_command_values_and_database,bounded_behavior_verified
Mongoeco,src/mongoeco/wire/handshake.py; src/mongoeco/wire/surface.py; src/mongoeco/wire/connections.py; src/mongoeco/wire/_executor_support.py; src/mongoeco/wire/_executor_validation.py,f3b461808ebd60f5a05966792a354213494b9be1ad311ca8c3bd8e273fd69858,86210db786b19c1135252e94c7ba3ff090c8db6acc0fa2b0a235aa2baf0f9264,e578f5566887ce9b1942eb5d160615a11c913d79e32a10c0c2de58dfe19ae8c7,2809c90ac019c5575da655a5bdd1ac42104b408ac81bdc68d679191124de3548,aab4043726da61ba444bc480805826d2910ed4829eadadb409e8e6d2ee3bbe98,1b8369ff8d8466fab6bcfa51393a9bd43ee2ec61,/response/localTime,Current UTC timestamp generated for this response.,"Successful response; process clock, not an external server observation. Invalid command envelope yields no response; that is the negative oracle for this field.",PyMongo consumes the local wire handshake; no inspected exchange comparison of this field,Mongoeco,Mongoeco operational wire contract,owner_operational,tests/unit/wire/test_proxy.py::WireProxyUnitTests::test_handshake_service_uses_surface_limits,tests/unit/wire/test_proxy.py::WireProxyAsyncUnitTests::test_executor_hello_rejects_invalid_command_values_and_database,bounded_behavior_verified
Mongoeco,src/mongoeco/wire/handshake.py; src/mongoeco/wire/surface.py; src/mongoeco/wire/connections.py; src/mongoeco/wire/_executor_support.py; src/mongoeco/wire/_executor_validation.py,f3b461808ebd60f5a05966792a354213494b9be1ad311ca8c3bd8e273fd69858,86210db786b19c1135252e94c7ba3ff090c8db6acc0fa2b0a235aa2baf0f9264,e578f5566887ce9b1942eb5d160615a11c913d79e32a10c0c2de58dfe19ae8c7,2809c90ac019c5575da655a5bdd1ac42104b408ac81bdc68d679191124de3548,aab4043726da61ba444bc480805826d2910ed4829eadadb409e8e6d2ee3bbe98,1b8369ff8d8466fab6bcfa51393a9bd43ee2ec61,/response/ok,Successful command status 1.0.,Only successful handshake response. Invalid command envelope yields no response; that is the negative oracle for this field.,PyMongo consumes the local wire handshake; no inspected exchange comparison of this field,Mongoeco,Mongoeco operational wire contract,owner_operational,tests/unit/wire/test_proxy.py::WireProxyUnitTests::test_handshake_service_uses_surface_limits,tests/unit/wire/test_proxy.py::WireProxyAsyncUnitTests::test_executor_hello_rejects_invalid_command_values_and_database,bounded_behavior_verified
Mongoeco,src/mongoeco/wire/handshake.py; src/mongoeco/wire/surface.py; src/mongoeco/wire/connections.py; src/mongoeco/wire/_executor_support.py; src/mongoeco/wire/_executor_validation.py,f3b461808ebd60f5a05966792a354213494b9be1ad311ca8c3bd8e273fd69858,86210db786b19c1135252e94c7ba3ff090c8db6acc0fa2b0a235aa2baf0f9264,e578f5566887ce9b1942eb5d160615a11c913d79e32a10c0c2de58dfe19ae8c7,2809c90ac019c5575da655a5bdd1ac42104b408ac81bdc68d679191124de3548,aab4043726da61ba444bc480805826d2910ed4829eadadb409e8e6d2ee3bbe98,1b8369ff8d8466fab6bcfa51393a9bd43ee2ec61,/response/version,Selected MongoDB dialect compatibility version string.,Successful response; not the Mongoeco package version. Invalid command envelope yields no response; that is the negative oracle for this field.,PyMongo consumes the local wire handshake; no inspected exchange comparison of this field,Mongoeco,Mongoeco operational wire contract,owner_operational,tests/unit/wire/test_proxy.py::WireProxyUnitTests::test_handshake_service_uses_surface_limits,tests/unit/wire/test_proxy.py::WireProxyAsyncUnitTests::test_executor_hello_rejects_invalid_command_values_and_database,bounded_behavior_verified
Mongoeco,src/mongoeco/wire/handshake.py; src/mongoeco/wire/surface.py; src/mongoeco/wire/connections.py; src/mongoeco/wire/_executor_support.py; src/mongoeco/wire/_executor_validation.py,f3b461808ebd60f5a05966792a354213494b9be1ad311ca8c3bd8e273fd69858,86210db786b19c1135252e94c7ba3ff090c8db6acc0fa2b0a235aa2baf0f9264,e578f5566887ce9b1942eb5d160615a11c913d79e32a10c0c2de58dfe19ae8c7,2809c90ac019c5575da655a5bdd1ac42104b408ac81bdc68d679191124de3548,aab4043726da61ba444bc480805826d2910ed4829eadadb409e8e6d2ee3bbe98,1b8369ff8d8466fab6bcfa51393a9bd43ee2ec61,/response/versionArray,Four-integer form of selected MongoDB dialect version.,Successful response; same selected dialect as version. Invalid command envelope yields no response; that is the negative oracle for this field.,PyMongo consumes the local wire handshake; no inspected exchange comparison of this field,Mongoeco,Mongoeco operational wire contract,owner_operational,tests/unit/wire/test_proxy.py::WireProxyUnitTests::test_handshake_service_uses_surface_limits,tests/unit/wire/test_proxy.py::WireProxyAsyncUnitTests::test_executor_hello_rejects_invalid_command_values_and_database,bounded_behavior_verified
Mongoeco,src/mongoeco/wire/handshake.py; src/mongoeco/wire/surface.py; src/mongoeco/wire/connections.py; src/mongoeco/wire/_executor_support.py; src/mongoeco/wire/_executor_validation.py,f3b461808ebd60f5a05966792a354213494b9be1ad311ca8c3bd8e273fd69858,86210db786b19c1135252e94c7ba3ff090c8db6acc0fa2b0a235aa2baf0f9264,e578f5566887ce9b1942eb5d160615a11c913d79e32a10c0c2de58dfe19ae8c7,2809c90ac019c5575da655a5bdd1ac42104b408ac81bdc68d679191124de3548,aab4043726da61ba444bc480805826d2910ed4829eadadb409e8e6d2ee3bbe98,1b8369ff8d8466fab6bcfa51393a9bd43ee2ec61,/response/gitVersion,Literal producer marker mongoeco.,Successful response; not a source-control commit hash. Invalid command envelope yields no response; that is the negative oracle for this field.,PyMongo consumes the local wire handshake; no inspected exchange comparison of this field,Mongoeco,Mongoeco operational wire contract,owner_operational,tests/unit/wire/test_proxy.py::WireProxyUnitTests::test_handshake_service_uses_surface_limits,tests/unit/wire/test_proxy.py::WireProxyAsyncUnitTests::test_executor_hello_rejects_invalid_command_values_and_database,bounded_behavior_verified
Mongoeco,src/mongoeco/wire/handshake.py; src/mongoeco/wire/surface.py; src/mongoeco/wire/connections.py; src/mongoeco/wire/_executor_support.py; src/mongoeco/wire/_executor_validation.py,f3b461808ebd60f5a05966792a354213494b9be1ad311ca8c3bd8e273fd69858,86210db786b19c1135252e94c7ba3ff090c8db6acc0fa2b0a235aa2baf0f9264,e578f5566887ce9b1942eb5d160615a11c913d79e32a10c0c2de58dfe19ae8c7,2809c90ac019c5575da655a5bdd1ac42104b408ac81bdc68d679191124de3548,aab4043726da61ba444bc480805826d2910ed4829eadadb409e8e6d2ee3bbe98,1b8369ff8d8466fab6bcfa51393a9bd43ee2ec61,/response/compression,Intentionally absent from the successful local handshake response.,Absence is checked with the exact response-key oracle; no negotiation or deployment topology is asserted.,PyMongo consumes the local wire handshake; no inspected exchange comparison of this field,Mongoeco,Mongoeco operational wire contract,owner_operational,tests/unit/wire/test_proxy.py::WireProxyUnitTests::test_handshake_service_uses_surface_limits,tests/integration/wire/test_proxy.py::WireProxyIntegrationTests::test_proxy_does_not_negotiate_unsupported_wire_compression,bounded_behavior_verified
Mongoeco,src/mongoeco/wire/handshake.py; src/mongoeco/wire/surface.py; src/mongoeco/wire/connections.py; src/mongoeco/wire/_executor_support.py; src/mongoeco/wire/_executor_validation.py,f3b461808ebd60f5a05966792a354213494b9be1ad311ca8c3bd8e273fd69858,86210db786b19c1135252e94c7ba3ff090c8db6acc0fa2b0a235aa2baf0f9264,e578f5566887ce9b1942eb5d160615a11c913d79e32a10c0c2de58dfe19ae8c7,2809c90ac019c5575da655a5bdd1ac42104b408ac81bdc68d679191124de3548,aab4043726da61ba444bc480805826d2910ed4829eadadb409e8e6d2ee3bbe98,1b8369ff8d8466fab6bcfa51393a9bd43ee2ec61,/response/setName,Intentionally absent from the successful local handshake response.,Absence is checked with the exact response-key oracle; no negotiation or deployment topology is asserted.,PyMongo consumes the local wire handshake; no inspected exchange comparison of this field,Mongoeco,Mongoeco operational wire contract,owner_operational,tests/unit/wire/test_proxy.py::WireProxyUnitTests::test_handshake_service_uses_surface_limits,tests/unit/wire/test_proxy.py::WireProxyAsyncUnitTests::test_executor_hello_rejects_invalid_command_values_and_database,bounded_behavior_verified
Mongoeco,src/mongoeco/wire/handshake.py; src/mongoeco/wire/surface.py; src/mongoeco/wire/connections.py; src/mongoeco/wire/_executor_support.py; src/mongoeco/wire/_executor_validation.py,f3b461808ebd60f5a05966792a354213494b9be1ad311ca8c3bd8e273fd69858,86210db786b19c1135252e94c7ba3ff090c8db6acc0fa2b0a235aa2baf0f9264,e578f5566887ce9b1942eb5d160615a11c913d79e32a10c0c2de58dfe19ae8c7,2809c90ac019c5575da655a5bdd1ac42104b408ac81bdc68d679191124de3548,aab4043726da61ba444bc480805826d2910ed4829eadadb409e8e6d2ee3bbe98,1b8369ff8d8466fab6bcfa51393a9bd43ee2ec61,/response/hosts,Intentionally absent from the successful local handshake response.,Absence is checked with the exact response-key oracle; no negotiation or deployment topology is asserted.,PyMongo consumes the local wire handshake; no inspected exchange comparison of this field,Mongoeco,Mongoeco operational wire contract,owner_operational,tests/unit/wire/test_proxy.py::WireProxyUnitTests::test_handshake_service_uses_surface_limits,tests/unit/wire/test_proxy.py::WireProxyAsyncUnitTests::test_executor_hello_rejects_invalid_command_values_and_database,bounded_behavior_verified
Mongoeco,src/mongoeco/wire/handshake.py; src/mongoeco/wire/surface.py; src/mongoeco/wire/connections.py; src/mongoeco/wire/_executor_support.py; src/mongoeco/wire/_executor_validation.py,f3b461808ebd60f5a05966792a354213494b9be1ad311ca8c3bd8e273fd69858,86210db786b19c1135252e94c7ba3ff090c8db6acc0fa2b0a235aa2baf0f9264,e578f5566887ce9b1942eb5d160615a11c913d79e32a10c0c2de58dfe19ae8c7,2809c90ac019c5575da655a5bdd1ac42104b408ac81bdc68d679191124de3548,aab4043726da61ba444bc480805826d2910ed4829eadadb409e8e6d2ee3bbe98,1b8369ff8d8466fab6bcfa51393a9bd43ee2ec61,/response/serviceId,Intentionally absent from the successful local handshake response.,Absence is checked with the exact response-key oracle; no negotiation or deployment topology is asserted.,PyMongo consumes the local wire handshake; no inspected exchange comparison of this field,Mongoeco,Mongoeco operational wire contract,owner_operational,tests/unit/wire/test_proxy.py::WireProxyUnitTests::test_handshake_service_uses_surface_limits,tests/unit/wire/test_proxy.py::WireProxyAsyncUnitTests::test_executor_hello_rejects_invalid_command_values_and_database,bounded_behavior_verified
Mongoeco,src/mongoeco/wire/handshake.py; src/mongoeco/wire/surface.py; src/mongoeco/wire/connections.py; src/mongoeco/wire/_executor_support.py; src/mongoeco/wire/_executor_validation.py,f3b461808ebd60f5a05966792a354213494b9be1ad311ca8c3bd8e273fd69858,86210db786b19c1135252e94c7ba3ff090c8db6acc0fa2b0a235aa2baf0f9264,e578f5566887ce9b1942eb5d160615a11c913d79e32a10c0c2de58dfe19ae8c7,2809c90ac019c5575da655a5bdd1ac42104b408ac81bdc68d679191124de3548,aab4043726da61ba444bc480805826d2910ed4829eadadb409e8e6d2ee3bbe98,1b8369ff8d8466fab6bcfa51393a9bd43ee2ec61,/response/loadBalanced,Intentionally absent from the successful local handshake response.,Absence is checked with the exact response-key oracle; no negotiation or deployment topology is asserted.,PyMongo consumes the local wire handshake; no inspected exchange comparison of this field,Mongoeco,Mongoeco operational wire contract,owner_operational,tests/unit/wire/test_proxy.py::WireProxyUnitTests::test_handshake_service_uses_surface_limits,tests/unit/wire/test_proxy.py::WireProxyAsyncUnitTests::test_executor_hello_rejects_invalid_command_values_and_database,bounded_behavior_verified
