product,source,source_sha256,source_revision,element,meaning,conditions_scope,consumer_decision,current_representation,owner,destination,disposition,alias_of,positive_evidence,negative_evidence,status
Mongoeco,src/mongoeco/api/admin_parsing.py,3549ee37966359624146cbead9c641baf980dc7de7e177efbec2bf2d1ce87bf4,5b6ab7dbdebf6107ef57da0060081a1f5f8a017b,/createIndexes/indexes/*/key,Ordered key paths and directions,Required nonempty index key specification,Command caller requests index creation; Mongoeco validates and executes,listCommands.indexSpecFields; IndexModel; create_indexes,Mongoeco,Mongoeco operational command contract,forwarded,,tests/unit/test_create_indexes_spec_conservation.py::test_each_field_accepts_valid_sample,tests/unit/test_create_indexes_spec_conservation.py::test_each_field_rejects_invalid_sample,parser_validated; engine_effect_not_inferred
Mongoeco,src/mongoeco/api/admin_parsing.py,3549ee37966359624146cbead9c641baf980dc7de7e177efbec2bf2d1ce87bf4,5b6ab7dbdebf6107ef57da0060081a1f5f8a017b,/createIndexes/indexes/*/name,Explicit index name,Nonempty string when supplied,Command caller requests index creation; Mongoeco validates and executes,listCommands.indexSpecFields; IndexModel; create_indexes,Mongoeco,Mongoeco operational command contract,forwarded,,tests/unit/test_create_indexes_spec_conservation.py::test_each_field_accepts_valid_sample,tests/unit/test_create_indexes_spec_conservation.py::test_each_field_rejects_invalid_sample,parser_validated; engine_effect_not_inferred
Mongoeco,src/mongoeco/api/admin_parsing.py,3549ee37966359624146cbead9c641baf980dc7de7e177efbec2bf2d1ce87bf4,5b6ab7dbdebf6107ef57da0060081a1f5f8a017b,/createIndexes/indexes/*/unique,Uniqueness request,Boolean; engine restrictions depend on index kind,Command caller requests index creation; Mongoeco validates and executes,listCommands.indexSpecFields; IndexModel; create_indexes,Mongoeco,Mongoeco operational command contract,forwarded,,tests/unit/test_create_indexes_spec_conservation.py::test_each_field_accepts_valid_sample,tests/unit/test_create_indexes_spec_conservation.py::test_each_field_rejects_invalid_sample,parser_validated; engine_effect_not_inferred
Mongoeco,src/mongoeco/api/admin_parsing.py,3549ee37966359624146cbead9c641baf980dc7de7e177efbec2bf2d1ce87bf4,5b6ab7dbdebf6107ef57da0060081a1f5f8a017b,/createIndexes/indexes/*/sparse,Sparse index request,Boolean,Command caller requests index creation; Mongoeco validates and executes,listCommands.indexSpecFields; IndexModel; create_indexes,Mongoeco,Mongoeco operational command contract,forwarded,,tests/unit/test_create_indexes_spec_conservation.py::test_each_field_accepts_valid_sample,tests/unit/test_create_indexes_spec_conservation.py::test_each_field_rejects_invalid_sample,parser_validated; engine_effect_not_inferred
Mongoeco,src/mongoeco/api/admin_parsing.py,3549ee37966359624146cbead9c641baf980dc7de7e177efbec2bf2d1ce87bf4,5b6ab7dbdebf6107ef57da0060081a1f5f8a017b,/createIndexes/indexes/*/background,Background build compatibility input,Boolean; accepted but omitted from engine call,Command caller requests index creation; Mongoeco validates and executes,listCommands.indexSpecFields; IndexModel; create_indexes,Mongoeco,Mongoeco operational command contract,accepted_noop,,tests/unit/test_create_indexes_spec_conservation.py::test_each_field_accepts_valid_sample; tests/unit/test_create_indexes_spec_conservation.py::test_accepted_noop_fields_are_not_installed_index_guarantees,tests/unit/test_create_indexes_spec_conservation.py::test_each_field_rejects_invalid_sample,accepted_noop_verified
Mongoeco,src/mongoeco/api/admin_parsing.py,3549ee37966359624146cbead9c641baf980dc7de7e177efbec2bf2d1ce87bf4,5b6ab7dbdebf6107ef57da0060081a1f5f8a017b,/createIndexes/indexes/*/hidden,Hidden index request,Boolean,Command caller requests index creation; Mongoeco validates and executes,listCommands.indexSpecFields; IndexModel; create_indexes,Mongoeco,Mongoeco operational command contract,forwarded,,tests/unit/test_create_indexes_spec_conservation.py::test_each_field_accepts_valid_sample,tests/unit/test_create_indexes_spec_conservation.py::test_each_field_rejects_invalid_sample,parser_validated; engine_effect_not_inferred
Mongoeco,src/mongoeco/api/admin_parsing.py,3549ee37966359624146cbead9c641baf980dc7de7e177efbec2bf2d1ce87bf4,5b6ab7dbdebf6107ef57da0060081a1f5f8a017b,/createIndexes/indexes/*/collation,Index collation request,Mapping when supplied,Command caller requests index creation; Mongoeco validates and executes,listCommands.indexSpecFields; IndexModel; create_indexes,Mongoeco,Mongoeco operational command contract,forwarded,,tests/unit/test_create_indexes_spec_conservation.py::test_each_field_accepts_valid_sample,tests/unit/test_create_indexes_spec_conservation.py::test_each_field_rejects_invalid_sample,parser_validated; engine_effect_not_inferred
Mongoeco,src/mongoeco/api/admin_parsing.py,3549ee37966359624146cbead9c641baf980dc7de7e177efbec2bf2d1ce87bf4,5b6ab7dbdebf6107ef57da0060081a1f5f8a017b,/createIndexes/indexes/*/partialFilterExpression,Partial index predicate,Mapping when supplied; normalized at collection boundary,Command caller requests index creation; Mongoeco validates and executes,listCommands.indexSpecFields; IndexModel; create_indexes,Mongoeco,Mongoeco operational command contract,forwarded,,tests/unit/test_create_indexes_spec_conservation.py::test_each_field_accepts_valid_sample,tests/unit/test_create_indexes_spec_conservation.py::test_each_field_rejects_invalid_sample,parser_validated; engine_effect_not_inferred
Mongoeco,src/mongoeco/api/admin_parsing.py,3549ee37966359624146cbead9c641baf980dc7de7e177efbec2bf2d1ce87bf4,5b6ab7dbdebf6107ef57da0060081a1f5f8a017b,/createIndexes/indexes/*/expireAfterSeconds,TTL interval,Nonnegative integer when supplied,Command caller requests index creation; Mongoeco validates and executes,listCommands.indexSpecFields; IndexModel; create_indexes,Mongoeco,Mongoeco operational command contract,forwarded,,tests/unit/test_create_indexes_spec_conservation.py::test_each_field_accepts_valid_sample,tests/unit/test_create_indexes_spec_conservation.py::test_each_field_rejects_invalid_sample,parser_validated; engine_effect_not_inferred
Mongoeco,src/mongoeco/api/admin_parsing.py,3549ee37966359624146cbead9c641baf980dc7de7e177efbec2bf2d1ce87bf4,5b6ab7dbdebf6107ef57da0060081a1f5f8a017b,/createIndexes/indexes/*/weights,Text field weights,Positive integers for fields present in text keys,Command caller requests index creation; Mongoeco validates and executes,listCommands.indexSpecFields; IndexModel; create_indexes,Mongoeco,Mongoeco operational command contract,forwarded,,tests/unit/test_create_indexes_spec_conservation.py::test_each_field_accepts_valid_sample,tests/unit/test_create_indexes_spec_conservation.py::test_each_field_rejects_invalid_sample,parser_validated; engine_effect_not_inferred
Mongoeco,src/mongoeco/api/admin_parsing.py,3549ee37966359624146cbead9c641baf980dc7de7e177efbec2bf2d1ce87bf4,5b6ab7dbdebf6107ef57da0060081a1f5f8a017b,/createIndexes/indexes/*/wildcardProjection,Wildcard field projection compatibility input,Mapping on wildcard keys; accepted but omitted from engine call,Command caller requests index creation; Mongoeco validates and executes,listCommands.indexSpecFields; IndexModel; create_indexes,Mongoeco,Mongoeco operational command contract,accepted_noop,,tests/unit/test_create_indexes_spec_conservation.py::test_each_field_accepts_valid_sample; tests/unit/test_create_indexes_spec_conservation.py::test_accepted_noop_fields_are_not_installed_index_guarantees,tests/unit/test_create_indexes_spec_conservation.py::test_each_field_rejects_invalid_sample,accepted_noop_verified
Mongoeco,src/mongoeco/api/admin_parsing.py,3549ee37966359624146cbead9c641baf980dc7de7e177efbec2bf2d1ce87bf4,5b6ab7dbdebf6107ef57da0060081a1f5f8a017b,/createIndexes/indexes/*/defaultLanguage,Default text index language,Nonempty string on text keys,Command caller requests index creation; Mongoeco validates and executes,listCommands.indexSpecFields; IndexModel; create_indexes,Mongoeco,Mongoeco operational command contract,forwarded,,tests/unit/test_create_indexes_spec_conservation.py::test_each_field_accepts_valid_sample,tests/unit/test_create_indexes_spec_conservation.py::test_each_field_rejects_invalid_sample,parser_validated; engine_effect_not_inferred
Mongoeco,src/mongoeco/api/admin_parsing.py,3549ee37966359624146cbead9c641baf980dc7de7e177efbec2bf2d1ce87bf4,5b6ab7dbdebf6107ef57da0060081a1f5f8a017b,/createIndexes/indexes/*/languageOverride,Text language override field,Nonempty string on text keys,Command caller requests index creation; Mongoeco validates and executes,listCommands.indexSpecFields; IndexModel; create_indexes,Mongoeco,Mongoeco operational command contract,forwarded,,tests/unit/test_create_indexes_spec_conservation.py::test_each_field_accepts_valid_sample,tests/unit/test_create_indexes_spec_conservation.py::test_each_field_rejects_invalid_sample,parser_validated; engine_effect_not_inferred
Mongoeco,src/mongoeco/api/admin_parsing.py,3549ee37966359624146cbead9c641baf980dc7de7e177efbec2bf2d1ce87bf4,5b6ab7dbdebf6107ef57da0060081a1f5f8a017b,/createIndexes/indexes/*/min,Minimum index bound metadata,Number other than bool when supplied,Command caller requests index creation; Mongoeco validates and executes,listCommands.indexSpecFields; IndexModel; create_indexes,Mongoeco,Mongoeco operational command contract,forwarded,,tests/unit/test_create_indexes_spec_conservation.py::test_each_field_accepts_valid_sample,tests/unit/test_create_indexes_spec_conservation.py::test_each_field_rejects_invalid_sample,parser_validated; engine_effect_not_inferred
Mongoeco,src/mongoeco/api/admin_parsing.py,3549ee37966359624146cbead9c641baf980dc7de7e177efbec2bf2d1ce87bf4,5b6ab7dbdebf6107ef57da0060081a1f5f8a017b,/createIndexes/indexes/*/max,Maximum index bound metadata,Number other than bool when supplied,Command caller requests index creation; Mongoeco validates and executes,listCommands.indexSpecFields; IndexModel; create_indexes,Mongoeco,Mongoeco operational command contract,forwarded,,tests/unit/test_create_indexes_spec_conservation.py::test_each_field_accepts_valid_sample,tests/unit/test_create_indexes_spec_conservation.py::test_each_field_rejects_invalid_sample,parser_validated; engine_effect_not_inferred
Mongoeco,src/mongoeco/api/admin_parsing.py,3549ee37966359624146cbead9c641baf980dc7de7e177efbec2bf2d1ce87bf4,5b6ab7dbdebf6107ef57da0060081a1f5f8a017b,/createIndexes/indexes/*/bucketSize,Bucket size index metadata,Positive number other than bool when supplied,Command caller requests index creation; Mongoeco validates and executes,listCommands.indexSpecFields; IndexModel; create_indexes,Mongoeco,Mongoeco operational command contract,forwarded,,tests/unit/test_create_indexes_spec_conservation.py::test_each_field_accepts_valid_sample,tests/unit/test_create_indexes_spec_conservation.py::test_each_field_rejects_invalid_sample,parser_validated; engine_effect_not_inferred
Mongoeco,src/mongoeco/api/admin_parsing.py,3549ee37966359624146cbead9c641baf980dc7de7e177efbec2bf2d1ce87bf4,5b6ab7dbdebf6107ef57da0060081a1f5f8a017b,/createIndexes/indexes/*/wildcard_projection,Python spelling of wildcard projection,Same conditions and no-op behavior as wildcardProjection,Command caller requests index creation; Mongoeco validates and executes,listCommands.indexSpecFields; IndexModel; create_indexes,Mongoeco,Mongoeco operational command contract,accepted_noop,wildcardProjection,tests/unit/test_create_indexes_spec_conservation.py::test_each_field_accepts_valid_sample; tests/unit/test_create_indexes_spec_conservation.py::test_accepted_noop_fields_are_not_installed_index_guarantees,tests/unit/test_create_indexes_spec_conservation.py::test_each_field_rejects_invalid_sample,accepted_noop_verified
Mongoeco,src/mongoeco/api/admin_parsing.py,3549ee37966359624146cbead9c641baf980dc7de7e177efbec2bf2d1ce87bf4,5b6ab7dbdebf6107ef57da0060081a1f5f8a017b,/createIndexes/indexes/*/default_language,Python spelling of default text language,Same conditions as defaultLanguage,Command caller requests index creation; Mongoeco validates and executes,listCommands.indexSpecFields; IndexModel; create_indexes,Mongoeco,Mongoeco operational command contract,forwarded,defaultLanguage,tests/unit/test_create_indexes_spec_conservation.py::test_each_field_accepts_valid_sample,tests/unit/test_create_indexes_spec_conservation.py::test_each_field_rejects_invalid_sample,parser_validated; engine_effect_not_inferred
Mongoeco,src/mongoeco/api/admin_parsing.py,3549ee37966359624146cbead9c641baf980dc7de7e177efbec2bf2d1ce87bf4,5b6ab7dbdebf6107ef57da0060081a1f5f8a017b,/createIndexes/indexes/*/language_override,Python spelling of language override,Same conditions as languageOverride,Command caller requests index creation; Mongoeco validates and executes,listCommands.indexSpecFields; IndexModel; create_indexes,Mongoeco,Mongoeco operational command contract,forwarded,languageOverride,tests/unit/test_create_indexes_spec_conservation.py::test_each_field_accepts_valid_sample,tests/unit/test_create_indexes_spec_conservation.py::test_each_field_rejects_invalid_sample,parser_validated; engine_effect_not_inferred
Mongoeco,src/mongoeco/api/admin_parsing.py,3549ee37966359624146cbead9c641baf980dc7de7e177efbec2bf2d1ce87bf4,5b6ab7dbdebf6107ef57da0060081a1f5f8a017b,/createIndexes/indexes/*/min_value,Python spelling of minimum bound,Same conditions as min,Command caller requests index creation; Mongoeco validates and executes,listCommands.indexSpecFields; IndexModel; create_indexes,Mongoeco,Mongoeco operational command contract,forwarded,min,tests/unit/test_create_indexes_spec_conservation.py::test_each_field_accepts_valid_sample,tests/unit/test_create_indexes_spec_conservation.py::test_each_field_rejects_invalid_sample,parser_validated; engine_effect_not_inferred
Mongoeco,src/mongoeco/api/admin_parsing.py,3549ee37966359624146cbead9c641baf980dc7de7e177efbec2bf2d1ce87bf4,5b6ab7dbdebf6107ef57da0060081a1f5f8a017b,/createIndexes/indexes/*/max_value,Python spelling of maximum bound,Same conditions as max,Command caller requests index creation; Mongoeco validates and executes,listCommands.indexSpecFields; IndexModel; create_indexes,Mongoeco,Mongoeco operational command contract,forwarded,max,tests/unit/test_create_indexes_spec_conservation.py::test_each_field_accepts_valid_sample,tests/unit/test_create_indexes_spec_conservation.py::test_each_field_rejects_invalid_sample,parser_validated; engine_effect_not_inferred
Mongoeco,src/mongoeco/api/admin_parsing.py,3549ee37966359624146cbead9c641baf980dc7de7e177efbec2bf2d1ce87bf4,5b6ab7dbdebf6107ef57da0060081a1f5f8a017b,/createIndexes/indexes/*/bucket_size,Python spelling of bucket size,Same conditions as bucketSize,Command caller requests index creation; Mongoeco validates and executes,listCommands.indexSpecFields; IndexModel; create_indexes,Mongoeco,Mongoeco operational command contract,forwarded,bucketSize,tests/unit/test_create_indexes_spec_conservation.py::test_each_field_accepts_valid_sample,tests/unit/test_create_indexes_spec_conservation.py::test_each_field_rejects_invalid_sample,parser_validated; engine_effect_not_inferred
