product,source,source_sha256,creation_source,creation_sha256,source_revision,element,meaning,conditions_scope,consumer_decision,current_representation,owner,destination,disposition,positive_evidence,negative_evidence,status
Mongoeco,src/mongoeco/_types/indexes.py,d41d28078856d55107e9599fc517e4ab65d21c05f7b819df88fa3a401a3bfdfd,src/mongoeco/api/_async/_collection_indexing.py,4092ee1716c3d81542dd45ce768e10b2e0107fe73ae5a3b9c7b502e632fcbd4a,4c45ddf1df3ae2261e6ffee8bdd107dd0e08c048,/IndexModel/keys,Ordered field and direction specification,A nonempty ordered specification; special directions restrict some options,Caller decides whether an index can serve its query; create_indexes performs the operational request,IndexModel field and authored document; create_indexes engine call,Mongoeco,Mongoeco index API and engine behavior; any cross-component guarantee needs an exact owner catalog claim,owner operational forwarded; exchange classification pending,tests/unit/test_architecture_types_metadata.py::ArchitectureTypeMetadataTests::test_normalize_index_keys_supports_multiple_forms_and_rejects_invalid_values; tests/unit/api/test_collection_management_helpers.py::AsyncCollectionManagementTests::test_create_indexes_forwards_effective_index_model_fields,tests/unit/test_architecture_types_metadata.py::ArchitectureTypeMetadataTests::test_normalize_index_keys_supports_multiple_forms_and_rejects_invalid_values,forwarded; engine effect outside this inventory
Mongoeco,src/mongoeco/_types/indexes.py,d41d28078856d55107e9599fc517e4ab65d21c05f7b819df88fa3a401a3bfdfd,src/mongoeco/api/_async/_collection_indexing.py,4092ee1716c3d81542dd45ce768e10b2e0107fe73ae5a3b9c7b502e632fcbd4a,4c45ddf1df3ae2261e6ffee8bdd107dd0e08c048,/IndexModel/name,Explicit index identity or derived name,Nonempty string when supplied; absent name derives from keys,Caller decides whether an index can serve its query; create_indexes performs the operational request,IndexModel field and authored document; create_indexes engine call,Mongoeco,Mongoeco index API and engine behavior; any cross-component guarantee needs an exact owner catalog claim,owner operational forwarded; exchange classification pending,tests/unit/test_architecture_types_metadata.py::ArchitectureTypeMetadataTests::test_index_model_reuses_index_definition_contract; tests/unit/api/test_collection_management_helpers.py::AsyncCollectionManagementTests::test_create_indexes_forwards_effective_index_model_fields,tests/unit/test_architecture_types_metadata.py::ArchitectureTypeMetadataTests::test_index_model_reuses_index_definition_contract,forwarded; engine effect outside this inventory
Mongoeco,src/mongoeco/_types/indexes.py,d41d28078856d55107e9599fc517e4ab65d21c05f7b819df88fa3a401a3bfdfd,src/mongoeco/api/_async/_collection_indexing.py,4092ee1716c3d81542dd45ce768e10b2e0107fe73ae5a3b9c7b502e632fcbd4a,4c45ddf1df3ae2261e6ffee8bdd107dd0e08c048,/IndexModel/unique,Uniqueness request,Boolean; special index kinds reject unique in engine,Caller decides whether an index can serve its query; create_indexes performs the operational request,IndexModel field and authored document; create_indexes engine call,Mongoeco,Mongoeco index API and engine behavior; any cross-component guarantee needs an exact owner catalog claim,owner operational forwarded; exchange classification pending,tests/unit/test_architecture_types_metadata.py::ArchitectureTypeMetadataTests::test_index_model_reuses_index_definition_contract; tests/unit/api/test_collection_management_helpers.py::AsyncCollectionManagementTests::test_create_indexes_forwards_effective_index_model_fields,tests/unit/test_architecture_types_metadata.py::ArchitectureTypeMetadataTests::test_index_definition_and_model_include_sparse_partial_and_default_id_helpers,forwarded; engine effect outside this inventory
Mongoeco,src/mongoeco/_types/indexes.py,d41d28078856d55107e9599fc517e4ab65d21c05f7b819df88fa3a401a3bfdfd,src/mongoeco/api/_async/_collection_indexing.py,4092ee1716c3d81542dd45ce768e10b2e0107fe73ae5a3b9c7b502e632fcbd4a,4c45ddf1df3ae2261e6ffee8bdd107dd0e08c048,/IndexModel/sparse,Sparse index request,Boolean,Caller decides whether an index can serve its query; create_indexes performs the operational request,IndexModel field and authored document; create_indexes engine call,Mongoeco,Mongoeco index API and engine behavior; any cross-component guarantee needs an exact owner catalog claim,owner operational forwarded; exchange classification pending,tests/unit/test_architecture_types_metadata.py::ArchitectureTypeMetadataTests::test_index_definition_and_model_include_sparse_partial_and_default_id_helpers; tests/unit/api/test_collection_management_helpers.py::AsyncCollectionManagementTests::test_create_indexes_forwards_effective_index_model_fields,tests/unit/test_architecture_types_metadata.py::ArchitectureTypeMetadataTests::test_index_definition_and_model_include_sparse_partial_and_default_id_helpers,forwarded; engine effect outside this inventory
Mongoeco,src/mongoeco/_types/indexes.py,d41d28078856d55107e9599fc517e4ab65d21c05f7b819df88fa3a401a3bfdfd,src/mongoeco/api/_async/_collection_indexing.py,4092ee1716c3d81542dd45ce768e10b2e0107fe73ae5a3b9c7b502e632fcbd4a,4c45ddf1df3ae2261e6ffee8bdd107dd0e08c048,/IndexModel/background,Compatibility input for background build request,Boolean; accepted but not sent to engine by create_indexes,Caller decides whether an index can serve its query; create_indexes performs the operational request,IndexModel field and authored document; create_indexes engine call,Mongoeco,Mongoeco index API and engine behavior; any cross-component guarantee needs an exact owner catalog claim,owner operational accepted-noop,tests/unit/api/test_collection_management_helpers.py::AsyncCollectionManagementTests::test_create_indexes_preserves_model_document_but_omits_noop_index_options,tests/unit/test_architecture_types_metadata.py::ArchitectureTypeMetadataTests::test_index_definition_and_model_include_sparse_partial_and_default_id_helpers,bounded accepted-noop verified
Mongoeco,src/mongoeco/_types/indexes.py,d41d28078856d55107e9599fc517e4ab65d21c05f7b819df88fa3a401a3bfdfd,src/mongoeco/api/_async/_collection_indexing.py,4092ee1716c3d81542dd45ce768e10b2e0107fe73ae5a3b9c7b502e632fcbd4a,4c45ddf1df3ae2261e6ffee8bdd107dd0e08c048,/IndexModel/hidden,Hidden index request,Boolean,Caller decides whether an index can serve its query; create_indexes performs the operational request,IndexModel field and authored document; create_indexes engine call,Mongoeco,Mongoeco index API and engine behavior; any cross-component guarantee needs an exact owner catalog claim,owner operational forwarded; exchange classification pending,tests/unit/test_architecture_types_metadata.py::ArchitectureTypeMetadataTests::test_index_definition_and_model_include_sparse_partial_and_default_id_helpers; tests/unit/api/test_collection_management_helpers.py::AsyncCollectionManagementTests::test_create_indexes_forwards_effective_index_model_fields,tests/unit/test_architecture_types_metadata.py::ArchitectureTypeMetadataTests::test_index_definition_and_model_include_sparse_partial_and_default_id_helpers,forwarded; engine effect outside this inventory
Mongoeco,src/mongoeco/_types/indexes.py,d41d28078856d55107e9599fc517e4ab65d21c05f7b819df88fa3a401a3bfdfd,src/mongoeco/api/_async/_collection_indexing.py,4092ee1716c3d81542dd45ce768e10b2e0107fe73ae5a3b9c7b502e632fcbd4a,4c45ddf1df3ae2261e6ffee8bdd107dd0e08c048,/IndexModel/collation,Index collation request,Mapping when supplied,Caller decides whether an index can serve its query; create_indexes performs the operational request,IndexModel field and authored document; create_indexes engine call,Mongoeco,Mongoeco index API and engine behavior; any cross-component guarantee needs an exact owner catalog claim,owner operational forwarded; exchange classification pending,tests/unit/test_architecture_types_metadata.py::ArchitectureTypeMetadataTests::test_index_definition_and_model_round_trip_collation; tests/unit/api/test_collection_management_helpers.py::AsyncCollectionManagementTests::test_create_indexes_forwards_effective_index_model_fields,tests/unit/test_architecture_types_metadata.py::ArchitectureTypeMetadataTests::test_index_definition_and_model_reject_invalid_expire_after_seconds,forwarded; engine effect outside this inventory
Mongoeco,src/mongoeco/_types/indexes.py,d41d28078856d55107e9599fc517e4ab65d21c05f7b819df88fa3a401a3bfdfd,src/mongoeco/api/_async/_collection_indexing.py,4092ee1716c3d81542dd45ce768e10b2e0107fe73ae5a3b9c7b502e632fcbd4a,4c45ddf1df3ae2261e6ffee8bdd107dd0e08c048,/IndexModel/partial_filter_expression,Partial index predicate,Mapping when supplied; normalized again at collection boundary,Caller decides whether an index can serve its query; create_indexes performs the operational request,IndexModel field and authored document; create_indexes engine call,Mongoeco,Mongoeco index API and engine behavior; any cross-component guarantee needs an exact owner catalog claim,owner operational forwarded; exchange classification pending,tests/unit/test_architecture_types_metadata.py::ArchitectureTypeMetadataTests::test_index_definition_and_model_include_sparse_partial_and_default_id_helpers; tests/unit/api/test_collection_management_helpers.py::AsyncCollectionManagementTests::test_create_indexes_forwards_effective_index_model_fields,tests/unit/test_architecture_types_metadata.py::ArchitectureTypeMetadataTests::test_index_definition_and_model_include_sparse_partial_and_default_id_helpers,forwarded; engine effect outside this inventory
Mongoeco,src/mongoeco/_types/indexes.py,d41d28078856d55107e9599fc517e4ab65d21c05f7b819df88fa3a401a3bfdfd,src/mongoeco/api/_async/_collection_indexing.py,4092ee1716c3d81542dd45ce768e10b2e0107fe73ae5a3b9c7b502e632fcbd4a,4c45ddf1df3ae2261e6ffee8bdd107dd0e08c048,/IndexModel/expire_after_seconds,TTL expiry interval,Nonnegative integer when supplied; engine imposes key restrictions,Caller decides whether an index can serve its query; create_indexes performs the operational request,IndexModel field and authored document; create_indexes engine call,Mongoeco,Mongoeco index API and engine behavior; any cross-component guarantee needs an exact owner catalog claim,owner operational forwarded; exchange classification pending,tests/unit/test_architecture_types_metadata.py::ArchitectureTypeMetadataTests::test_index_definition_and_model_round_trip_expire_after_seconds; tests/unit/api/test_collection_management_helpers.py::AsyncCollectionManagementTests::test_create_indexes_forwards_effective_index_model_fields,tests/unit/test_architecture_types_metadata.py::ArchitectureTypeMetadataTests::test_index_definition_and_model_reject_invalid_expire_after_seconds,forwarded; engine effect outside this inventory
Mongoeco,src/mongoeco/_types/indexes.py,d41d28078856d55107e9599fc517e4ab65d21c05f7b819df88fa3a401a3bfdfd,src/mongoeco/api/_async/_collection_indexing.py,4092ee1716c3d81542dd45ce768e10b2e0107fe73ae5a3b9c7b502e632fcbd4a,4c45ddf1df3ae2261e6ffee8bdd107dd0e08c048,/IndexModel/weights,Weights for text index fields,Positive integer weights for fields present in text keys,Caller decides whether an index can serve its query; create_indexes performs the operational request,IndexModel field and authored document; create_indexes engine call,Mongoeco,Mongoeco index API and engine behavior; any cross-component guarantee needs an exact owner catalog claim,owner operational forwarded; exchange classification pending,tests/unit/test_architecture_types_metadata.py::ArchitectureTypeMetadataTests::test_index_definition_and_model_round_trip_text_weights_and_language_metadata; tests/unit/api/test_collection_management_helpers.py::AsyncCollectionManagementTests::test_create_indexes_forwards_effective_index_model_fields,tests/unit/test_architecture_types_metadata.py::ArchitectureTypeMetadataTests::test_index_text_metadata_validation_rejects_invalid_weights_and_languages,forwarded; engine effect outside this inventory
Mongoeco,src/mongoeco/_types/indexes.py,d41d28078856d55107e9599fc517e4ab65d21c05f7b819df88fa3a401a3bfdfd,src/mongoeco/api/_async/_collection_indexing.py,4092ee1716c3d81542dd45ce768e10b2e0107fe73ae5a3b9c7b502e632fcbd4a,4c45ddf1df3ae2261e6ffee8bdd107dd0e08c048,/IndexModel/wildcard_projection,Compatibility input for wildcard projection,Mapping of field to inclusion value on wildcard keys; accepted but not sent to engine; Mongoeco's supported subset under dialect 9.0 rejects wildcardProjection before index batch side effects; the real server supports it,Caller decides whether an index can serve its query; create_indexes performs the operational request,IndexModel field and authored document; create_indexes engine call,Mongoeco,Mongoeco index API and engine behavior; any cross-component guarantee needs an exact owner catalog claim,owner operational accepted-noop,tests/unit/api/test_collection_management_helpers.py::AsyncCollectionManagementTests::test_create_indexes_preserves_model_document_but_omits_noop_index_options,tests/unit/test_architecture_types_metadata.py::ArchitectureTypeMetadataTests::test_index_definition_and_model_include_sparse_partial_and_default_id_helpers; tests/integration/api/test_mongodb9_indexes.py::test_wildcard_projection_rejected_before_index_batch_side_effects,bounded accepted-noop verified for 7.0/8.0; rejected for 9.0
Mongoeco,src/mongoeco/_types/indexes.py,d41d28078856d55107e9599fc517e4ab65d21c05f7b819df88fa3a401a3bfdfd,src/mongoeco/api/_async/_collection_indexing.py,4092ee1716c3d81542dd45ce768e10b2e0107fe73ae5a3b9c7b502e632fcbd4a,4c45ddf1df3ae2261e6ffee8bdd107dd0e08c048,/IndexModel/default_language,Default text index language,Nonempty string only with text keys,Caller decides whether an index can serve its query; create_indexes performs the operational request,IndexModel field and authored document; create_indexes engine call,Mongoeco,Mongoeco index API and engine behavior; any cross-component guarantee needs an exact owner catalog claim,owner operational forwarded; exchange classification pending,tests/unit/test_architecture_types_metadata.py::ArchitectureTypeMetadataTests::test_index_definition_and_model_round_trip_text_weights_and_language_metadata; tests/unit/api/test_collection_management_helpers.py::AsyncCollectionManagementTests::test_create_indexes_forwards_effective_index_model_fields,tests/unit/test_architecture_types_metadata.py::ArchitectureTypeMetadataTests::test_index_text_metadata_validation_rejects_invalid_weights_and_languages,forwarded; engine effect outside this inventory
Mongoeco,src/mongoeco/_types/indexes.py,d41d28078856d55107e9599fc517e4ab65d21c05f7b819df88fa3a401a3bfdfd,src/mongoeco/api/_async/_collection_indexing.py,4092ee1716c3d81542dd45ce768e10b2e0107fe73ae5a3b9c7b502e632fcbd4a,4c45ddf1df3ae2261e6ffee8bdd107dd0e08c048,/IndexModel/language_override,Text index language override field,Nonempty string only with text keys,Caller decides whether an index can serve its query; create_indexes performs the operational request,IndexModel field and authored document; create_indexes engine call,Mongoeco,Mongoeco index API and engine behavior; any cross-component guarantee needs an exact owner catalog claim,owner operational forwarded; exchange classification pending,tests/unit/test_architecture_types_metadata.py::ArchitectureTypeMetadataTests::test_index_definition_and_model_round_trip_text_weights_and_language_metadata; tests/unit/api/test_collection_management_helpers.py::AsyncCollectionManagementTests::test_create_indexes_forwards_effective_index_model_fields,tests/unit/test_architecture_types_metadata.py::ArchitectureTypeMetadataTests::test_index_text_metadata_validation_rejects_invalid_weights_and_languages,forwarded; engine effect outside this inventory
Mongoeco,src/mongoeco/_types/indexes.py,d41d28078856d55107e9599fc517e4ab65d21c05f7b819df88fa3a401a3bfdfd,src/mongoeco/api/_async/_collection_indexing.py,4092ee1716c3d81542dd45ce768e10b2e0107fe73ae5a3b9c7b502e632fcbd4a,4c45ddf1df3ae2261e6ffee8bdd107dd0e08c048,/IndexModel/min_value,Minimum bound for index metadata,Number other than bool when supplied,Caller decides whether an index can serve its query; create_indexes performs the operational request,IndexModel field and authored document; create_indexes engine call,Mongoeco,Mongoeco index API and engine behavior; any cross-component guarantee needs an exact owner catalog claim,owner operational forwarded; exchange classification pending,tests/unit/api/test_collection_management_helpers.py::AsyncCollectionManagementTests::test_create_indexes_forwards_optional_min_max_and_bucket_size_metadata; tests/unit/api/test_collection_management_helpers.py::AsyncCollectionManagementTests::test_create_indexes_forwards_effective_index_model_fields,tests/unit/test_architecture_types_metadata.py::ArchitectureTypeMetadataTests::test_index_definition_and_model_include_sparse_partial_and_default_id_helpers,forwarded; engine effect outside this inventory
Mongoeco,src/mongoeco/_types/indexes.py,d41d28078856d55107e9599fc517e4ab65d21c05f7b819df88fa3a401a3bfdfd,src/mongoeco/api/_async/_collection_indexing.py,4092ee1716c3d81542dd45ce768e10b2e0107fe73ae5a3b9c7b502e632fcbd4a,4c45ddf1df3ae2261e6ffee8bdd107dd0e08c048,/IndexModel/max_value,Maximum bound for index metadata,Number other than bool when supplied,Caller decides whether an index can serve its query; create_indexes performs the operational request,IndexModel field and authored document; create_indexes engine call,Mongoeco,Mongoeco index API and engine behavior; any cross-component guarantee needs an exact owner catalog claim,owner operational forwarded; exchange classification pending,tests/unit/api/test_collection_management_helpers.py::AsyncCollectionManagementTests::test_create_indexes_forwards_optional_min_max_and_bucket_size_metadata; tests/unit/api/test_collection_management_helpers.py::AsyncCollectionManagementTests::test_create_indexes_forwards_effective_index_model_fields,tests/unit/test_architecture_types_metadata.py::ArchitectureTypeMetadataTests::test_index_definition_and_model_include_sparse_partial_and_default_id_helpers,forwarded; engine effect outside this inventory
Mongoeco,src/mongoeco/_types/indexes.py,d41d28078856d55107e9599fc517e4ab65d21c05f7b819df88fa3a401a3bfdfd,src/mongoeco/api/_async/_collection_indexing.py,4092ee1716c3d81542dd45ce768e10b2e0107fe73ae5a3b9c7b502e632fcbd4a,4c45ddf1df3ae2261e6ffee8bdd107dd0e08c048,/IndexModel/bucket_size,Bucket size for index metadata,Positive number other than bool when supplied,Caller decides whether an index can serve its query; create_indexes performs the operational request,IndexModel field and authored document; create_indexes engine call,Mongoeco,Mongoeco index API and engine behavior; any cross-component guarantee needs an exact owner catalog claim,owner operational forwarded; exchange classification pending,tests/unit/api/test_collection_management_helpers.py::AsyncCollectionManagementTests::test_create_indexes_forwards_optional_min_max_and_bucket_size_metadata; tests/unit/api/test_collection_management_helpers.py::AsyncCollectionManagementTests::test_create_indexes_forwards_effective_index_model_fields,tests/unit/test_architecture_types_metadata.py::ArchitectureTypeMetadataTests::test_index_definition_and_model_include_sparse_partial_and_default_id_helpers,forwarded; engine effect outside this inventory
