product,source,validation_sha256,context_sha256,passthrough_sha256,database_commands_sha256,connections_sha256,routing_sha256,source_revision,element,meaning,conditions_scope,consumer_decision,owner,destination,disposition,positive_evidence,negative_evidence,status
Mongoeco,src/mongoeco/wire/_executor_validation.py; src/mongoeco/wire/_executor_support.py; src/mongoeco/wire/_executor_passthrough.py; src/mongoeco/api/_async/database_commands.py; src/mongoeco/wire/connections.py; src/mongoeco/wire/capabilities.py,aab4043726da61ba444bc480805826d2910ed4829eadadb409e8e6d2ee3bbe98,2809c90ac019c5575da655a5bdd1ac42104b408ac81bdc68d679191124de3548,f08cbd2a2f8ad02c55019476f1ae06c372e2194f48797b7e2295912a37b74f4a,7737230f1b420720752daab451baa36d7f509993bcb0dcad279522f08fc95b6f,e578f5566887ce9b1942eb5d160615a11c913d79e32a10c0c2de58dfe19ae8c7,ac0145f37397815730831e69c9dfaeb43b75d73f8b811093ef470da365379eb1,6935227c2830d6de453f19c079d3556ef747164b,/ping/request/ping,"Command value compares equal to 1; zero, string and null are rejected.",Wire command name is exact; no automatic alias or CXP compatibility inference.,PyMongo and local wire clients inspect the response; no inspected exchange requirement compares this field,Mongoeco,Mongoeco operational wire contract,owner_operational,tests/unit/wire/test_proxy.py::WireProxyAsyncUnitTests::test_static_admin_wire_response_fields_are_exact; tests/integration/wire/test_proxy.py::WireProxyIntegrationTests::test_proxy_supports_admin_introspection_and_profile_commands_through_pymongo,tests/unit/wire/test_proxy.py::WireProxyAsyncUnitTests::test_static_admin_wire_requests_reject_invalid_flags_and_database,bounded_behavior_verified
Mongoeco,src/mongoeco/wire/_executor_validation.py; src/mongoeco/wire/_executor_support.py; src/mongoeco/wire/_executor_passthrough.py; src/mongoeco/api/_async/database_commands.py; src/mongoeco/wire/connections.py; src/mongoeco/wire/capabilities.py,aab4043726da61ba444bc480805826d2910ed4829eadadb409e8e6d2ee3bbe98,2809c90ac019c5575da655a5bdd1ac42104b408ac81bdc68d679191124de3548,f08cbd2a2f8ad02c55019476f1ae06c372e2194f48797b7e2295912a37b74f4a,7737230f1b420720752daab451baa36d7f509993bcb0dcad279522f08fc95b6f,e578f5566887ce9b1942eb5d160615a11c913d79e32a10c0c2de58dfe19ae8c7,ac0145f37397815730831e69c9dfaeb43b75d73f8b811093ef470da365379eb1,6935227c2830d6de453f19c079d3556ef747164b,/buildInfo/request/buildInfo,"Command value compares equal to 1; zero, string and null are rejected.",Wire command name is exact; no automatic alias or CXP compatibility inference.,PyMongo and local wire clients inspect the response; no inspected exchange requirement compares this field,Mongoeco,Mongoeco operational wire contract,owner_operational,tests/unit/wire/test_proxy.py::WireProxyAsyncUnitTests::test_static_admin_wire_response_fields_are_exact; tests/integration/wire/test_proxy.py::WireProxyIntegrationTests::test_proxy_supports_admin_introspection_and_profile_commands_through_pymongo,tests/unit/wire/test_proxy.py::WireProxyAsyncUnitTests::test_static_admin_wire_requests_reject_invalid_flags_and_database; tests/integration/wire/test_proxy.py::WireProxyIntegrationTests::test_proxy_rejects_invalid_introspection_command_values_through_pymongo,bounded_behavior_verified
Mongoeco,src/mongoeco/wire/_executor_validation.py; src/mongoeco/wire/_executor_support.py; src/mongoeco/wire/_executor_passthrough.py; src/mongoeco/api/_async/database_commands.py; src/mongoeco/wire/connections.py; src/mongoeco/wire/capabilities.py,aab4043726da61ba444bc480805826d2910ed4829eadadb409e8e6d2ee3bbe98,2809c90ac019c5575da655a5bdd1ac42104b408ac81bdc68d679191124de3548,f08cbd2a2f8ad02c55019476f1ae06c372e2194f48797b7e2295912a37b74f4a,7737230f1b420720752daab451baa36d7f509993bcb0dcad279522f08fc95b6f,e578f5566887ce9b1942eb5d160615a11c913d79e32a10c0c2de58dfe19ae8c7,ac0145f37397815730831e69c9dfaeb43b75d73f8b811093ef470da365379eb1,6935227c2830d6de453f19c079d3556ef747164b,/hostInfo/request/hostInfo,"Command value compares equal to 1; zero, string and null are rejected.",Wire command name is exact; no automatic alias or CXP compatibility inference.,PyMongo and local wire clients inspect the response; no inspected exchange requirement compares this field,Mongoeco,Mongoeco operational wire contract,owner_operational,tests/unit/wire/test_proxy.py::WireProxyAsyncUnitTests::test_static_admin_wire_response_fields_are_exact; tests/integration/wire/test_proxy.py::WireProxyIntegrationTests::test_proxy_supports_admin_introspection_and_profile_commands_through_pymongo,tests/unit/wire/test_proxy.py::WireProxyAsyncUnitTests::test_static_admin_wire_requests_reject_invalid_flags_and_database; tests/integration/wire/test_proxy.py::WireProxyIntegrationTests::test_proxy_rejects_invalid_introspection_command_values_through_pymongo,bounded_behavior_verified
Mongoeco,src/mongoeco/wire/_executor_validation.py; src/mongoeco/wire/_executor_support.py; src/mongoeco/wire/_executor_passthrough.py; src/mongoeco/api/_async/database_commands.py; src/mongoeco/wire/connections.py; src/mongoeco/wire/capabilities.py,aab4043726da61ba444bc480805826d2910ed4829eadadb409e8e6d2ee3bbe98,2809c90ac019c5575da655a5bdd1ac42104b408ac81bdc68d679191124de3548,f08cbd2a2f8ad02c55019476f1ae06c372e2194f48797b7e2295912a37b74f4a,7737230f1b420720752daab451baa36d7f509993bcb0dcad279522f08fc95b6f,e578f5566887ce9b1942eb5d160615a11c913d79e32a10c0c2de58dfe19ae8c7,ac0145f37397815730831e69c9dfaeb43b75d73f8b811093ef470da365379eb1,6935227c2830d6de453f19c079d3556ef747164b,/getCmdLineOpts/request/getCmdLineOpts,"Command value compares equal to 1; zero, string and null are rejected.",Wire command name is exact; no automatic alias or CXP compatibility inference.,PyMongo and local wire clients inspect the response; no inspected exchange requirement compares this field,Mongoeco,Mongoeco operational wire contract,owner_operational,tests/unit/wire/test_proxy.py::WireProxyAsyncUnitTests::test_static_admin_wire_response_fields_are_exact; tests/integration/wire/test_proxy.py::WireProxyIntegrationTests::test_proxy_supports_admin_introspection_and_profile_commands_through_pymongo,tests/unit/wire/test_proxy.py::WireProxyAsyncUnitTests::test_static_admin_wire_requests_reject_invalid_flags_and_database; tests/integration/wire/test_proxy.py::WireProxyIntegrationTests::test_proxy_rejects_invalid_introspection_command_values_through_pymongo,bounded_behavior_verified
Mongoeco,src/mongoeco/wire/_executor_validation.py; src/mongoeco/wire/_executor_support.py; src/mongoeco/wire/_executor_passthrough.py; src/mongoeco/api/_async/database_commands.py; src/mongoeco/wire/connections.py; src/mongoeco/wire/capabilities.py,aab4043726da61ba444bc480805826d2910ed4829eadadb409e8e6d2ee3bbe98,2809c90ac019c5575da655a5bdd1ac42104b408ac81bdc68d679191124de3548,f08cbd2a2f8ad02c55019476f1ae06c372e2194f48797b7e2295912a37b74f4a,7737230f1b420720752daab451baa36d7f509993bcb0dcad279522f08fc95b6f,e578f5566887ce9b1942eb5d160615a11c913d79e32a10c0c2de58dfe19ae8c7,ac0145f37397815730831e69c9dfaeb43b75d73f8b811093ef470da365379eb1,6935227c2830d6de453f19c079d3556ef747164b,/whatsmyuri/request/whatsmyuri,"Command value compares equal to 1; zero, string and null are rejected.",Wire command name is exact; no automatic alias or CXP compatibility inference.,PyMongo and local wire clients inspect the response; no inspected exchange requirement compares this field,Mongoeco,Mongoeco operational wire contract,owner_operational,tests/unit/wire/test_proxy.py::WireProxyAsyncUnitTests::test_static_admin_wire_response_fields_are_exact; tests/integration/wire/test_proxy.py::WireProxyIntegrationTests::test_proxy_supports_admin_introspection_and_profile_commands_through_pymongo,tests/unit/wire/test_proxy.py::WireProxyAsyncUnitTests::test_static_admin_wire_requests_reject_invalid_flags_and_database; tests/integration/wire/test_proxy.py::WireProxyIntegrationTests::test_proxy_rejects_invalid_introspection_command_values_through_pymongo,bounded_behavior_verified
Mongoeco,src/mongoeco/wire/_executor_validation.py; src/mongoeco/wire/_executor_support.py; src/mongoeco/wire/_executor_passthrough.py; src/mongoeco/api/_async/database_commands.py; src/mongoeco/wire/connections.py; src/mongoeco/wire/capabilities.py,aab4043726da61ba444bc480805826d2910ed4829eadadb409e8e6d2ee3bbe98,2809c90ac019c5575da655a5bdd1ac42104b408ac81bdc68d679191124de3548,f08cbd2a2f8ad02c55019476f1ae06c372e2194f48797b7e2295912a37b74f4a,7737230f1b420720752daab451baa36d7f509993bcb0dcad279522f08fc95b6f,e578f5566887ce9b1942eb5d160615a11c913d79e32a10c0c2de58dfe19ae8c7,ac0145f37397815730831e69c9dfaeb43b75d73f8b811093ef470da365379eb1,6935227c2830d6de453f19c079d3556ef747164b,/request/$db,Effective database must be a non-empty string.,Applies to all five wire commands before dispatch; no database is inferred.,PyMongo and local wire clients inspect the response; no inspected exchange requirement compares this field,Mongoeco,Mongoeco operational wire contract,owner_operational,tests/unit/wire/test_proxy.py::WireProxyAsyncUnitTests::test_static_admin_wire_response_fields_are_exact,tests/unit/wire/test_proxy.py::WireProxyAsyncUnitTests::test_static_admin_wire_requests_reject_invalid_flags_and_database,bounded_behavior_verified
Mongoeco,src/mongoeco/wire/_executor_validation.py; src/mongoeco/wire/_executor_support.py; src/mongoeco/wire/_executor_passthrough.py; src/mongoeco/api/_async/database_commands.py; src/mongoeco/wire/connections.py; src/mongoeco/wire/capabilities.py,aab4043726da61ba444bc480805826d2910ed4829eadadb409e8e6d2ee3bbe98,2809c90ac019c5575da655a5bdd1ac42104b408ac81bdc68d679191124de3548,f08cbd2a2f8ad02c55019476f1ae06c372e2194f48797b7e2295912a37b74f4a,7737230f1b420720752daab451baa36d7f509993bcb0dcad279522f08fc95b6f,e578f5566887ce9b1942eb5d160615a11c913d79e32a10c0c2de58dfe19ae8c7,ac0145f37397815730831e69c9dfaeb43b75d73f8b811093ef470da365379eb1,6935227c2830d6de453f19c079d3556ef747164b,/ping/response/ok,Only response field; success status is 1.0.,Local wire connectivity check; does not prove remote deployment health.,PyMongo and local wire clients inspect the response; no inspected exchange requirement compares this field,Mongoeco,Mongoeco operational wire contract,owner_operational,tests/unit/wire/test_proxy.py::WireProxyAsyncUnitTests::test_static_admin_wire_response_fields_are_exact,tests/unit/wire/test_proxy.py::WireProxyAsyncUnitTests::test_static_admin_wire_requests_reject_invalid_flags_and_database,bounded_behavior_verified
Mongoeco,src/mongoeco/wire/_executor_validation.py; src/mongoeco/wire/_executor_support.py; src/mongoeco/wire/_executor_passthrough.py; src/mongoeco/api/_async/database_commands.py; src/mongoeco/wire/connections.py; src/mongoeco/wire/capabilities.py,aab4043726da61ba444bc480805826d2910ed4829eadadb409e8e6d2ee3bbe98,2809c90ac019c5575da655a5bdd1ac42104b408ac81bdc68d679191124de3548,f08cbd2a2f8ad02c55019476f1ae06c372e2194f48797b7e2295912a37b74f4a,7737230f1b420720752daab451baa36d7f509993bcb0dcad279522f08fc95b6f,e578f5566887ce9b1942eb5d160615a11c913d79e32a10c0c2de58dfe19ae8c7,ac0145f37397815730831e69c9dfaeb43b75d73f8b811093ef470da365379eb1,6935227c2830d6de453f19c079d3556ef747164b,/buildInfo/response/version,"Selected MongoDB dialect compatibility version, not Mongoeco package version.",Exact four-field response; invalid request yields no response for this field.,PyMongo and local wire clients inspect the response; no inspected exchange requirement compares this field,Mongoeco,Mongoeco operational wire contract,owner_operational,tests/unit/wire/test_proxy.py::WireProxyAsyncUnitTests::test_static_admin_wire_response_fields_are_exact,tests/unit/wire/test_proxy.py::WireProxyAsyncUnitTests::test_static_admin_wire_requests_reject_invalid_flags_and_database,bounded_behavior_verified
Mongoeco,src/mongoeco/wire/_executor_validation.py; src/mongoeco/wire/_executor_support.py; src/mongoeco/wire/_executor_passthrough.py; src/mongoeco/api/_async/database_commands.py; src/mongoeco/wire/connections.py; src/mongoeco/wire/capabilities.py,aab4043726da61ba444bc480805826d2910ed4829eadadb409e8e6d2ee3bbe98,2809c90ac019c5575da655a5bdd1ac42104b408ac81bdc68d679191124de3548,f08cbd2a2f8ad02c55019476f1ae06c372e2194f48797b7e2295912a37b74f4a,7737230f1b420720752daab451baa36d7f509993bcb0dcad279522f08fc95b6f,e578f5566887ce9b1942eb5d160615a11c913d79e32a10c0c2de58dfe19ae8c7,ac0145f37397815730831e69c9dfaeb43b75d73f8b811093ef470da365379eb1,6935227c2830d6de453f19c079d3556ef747164b,/buildInfo/response/versionArray,Four-integer representation of selected MongoDB dialect version.,Exact four-field response; invalid request yields no response for this field.,PyMongo and local wire clients inspect the response; no inspected exchange requirement compares this field,Mongoeco,Mongoeco operational wire contract,owner_operational,tests/unit/wire/test_proxy.py::WireProxyAsyncUnitTests::test_static_admin_wire_response_fields_are_exact,tests/unit/wire/test_proxy.py::WireProxyAsyncUnitTests::test_static_admin_wire_requests_reject_invalid_flags_and_database,bounded_behavior_verified
Mongoeco,src/mongoeco/wire/_executor_validation.py; src/mongoeco/wire/_executor_support.py; src/mongoeco/wire/_executor_passthrough.py; src/mongoeco/api/_async/database_commands.py; src/mongoeco/wire/connections.py; src/mongoeco/wire/capabilities.py,aab4043726da61ba444bc480805826d2910ed4829eadadb409e8e6d2ee3bbe98,2809c90ac019c5575da655a5bdd1ac42104b408ac81bdc68d679191124de3548,f08cbd2a2f8ad02c55019476f1ae06c372e2194f48797b7e2295912a37b74f4a,7737230f1b420720752daab451baa36d7f509993bcb0dcad279522f08fc95b6f,e578f5566887ce9b1942eb5d160615a11c913d79e32a10c0c2de58dfe19ae8c7,ac0145f37397815730831e69c9dfaeb43b75d73f8b811093ef470da365379eb1,6935227c2830d6de453f19c079d3556ef747164b,/buildInfo/response/gitVersion,Literal mongoeco producer marker; not a Git commit hash.,Exact four-field response; invalid request yields no response for this field.,PyMongo and local wire clients inspect the response; no inspected exchange requirement compares this field,Mongoeco,Mongoeco operational wire contract,owner_operational,tests/unit/wire/test_proxy.py::WireProxyAsyncUnitTests::test_static_admin_wire_response_fields_are_exact,tests/unit/wire/test_proxy.py::WireProxyAsyncUnitTests::test_static_admin_wire_requests_reject_invalid_flags_and_database,bounded_behavior_verified
Mongoeco,src/mongoeco/wire/_executor_validation.py; src/mongoeco/wire/_executor_support.py; src/mongoeco/wire/_executor_passthrough.py; src/mongoeco/api/_async/database_commands.py; src/mongoeco/wire/connections.py; src/mongoeco/wire/capabilities.py,aab4043726da61ba444bc480805826d2910ed4829eadadb409e8e6d2ee3bbe98,2809c90ac019c5575da655a5bdd1ac42104b408ac81bdc68d679191124de3548,f08cbd2a2f8ad02c55019476f1ae06c372e2194f48797b7e2295912a37b74f4a,7737230f1b420720752daab451baa36d7f509993bcb0dcad279522f08fc95b6f,e578f5566887ce9b1942eb5d160615a11c913d79e32a10c0c2de58dfe19ae8c7,ac0145f37397815730831e69c9dfaeb43b75d73f8b811093ef470da365379eb1,6935227c2830d6de453f19c079d3556ef747164b,/buildInfo/response/ok,Successful local command status 1.0.,Exact four-field response; invalid request yields no response for this field.,PyMongo and local wire clients inspect the response; no inspected exchange requirement compares this field,Mongoeco,Mongoeco operational wire contract,owner_operational,tests/unit/wire/test_proxy.py::WireProxyAsyncUnitTests::test_static_admin_wire_response_fields_are_exact,tests/unit/wire/test_proxy.py::WireProxyAsyncUnitTests::test_static_admin_wire_requests_reject_invalid_flags_and_database,bounded_behavior_verified
Mongoeco,src/mongoeco/wire/_executor_validation.py; src/mongoeco/wire/_executor_support.py; src/mongoeco/wire/_executor_passthrough.py; src/mongoeco/api/_async/database_commands.py; src/mongoeco/wire/connections.py; src/mongoeco/wire/capabilities.py,aab4043726da61ba444bc480805826d2910ed4829eadadb409e8e6d2ee3bbe98,2809c90ac019c5575da655a5bdd1ac42104b408ac81bdc68d679191124de3548,f08cbd2a2f8ad02c55019476f1ae06c372e2194f48797b7e2295912a37b74f4a,7737230f1b420720752daab451baa36d7f509993bcb0dcad279522f08fc95b6f,e578f5566887ce9b1942eb5d160615a11c913d79e32a10c0c2de58dfe19ae8c7,ac0145f37397815730831e69c9dfaeb43b75d73f8b811093ef470da365379eb1,6935227c2830d6de453f19c079d3556ef747164b,/hostInfo/response/system/hostname,Hostname of the local Mongoeco process.,"Exact nested response shape; data describes the local process, not a physical MongoDB server.",PyMongo and local wire clients inspect the response; no inspected exchange requirement compares this field,Mongoeco,Mongoeco operational wire contract,owner_operational,tests/unit/wire/test_proxy.py::WireProxyAsyncUnitTests::test_static_admin_wire_response_fields_are_exact,tests/unit/wire/test_proxy.py::WireProxyAsyncUnitTests::test_static_admin_wire_requests_reject_invalid_flags_and_database,bounded_behavior_verified
Mongoeco,src/mongoeco/wire/_executor_validation.py; src/mongoeco/wire/_executor_support.py; src/mongoeco/wire/_executor_passthrough.py; src/mongoeco/api/_async/database_commands.py; src/mongoeco/wire/connections.py; src/mongoeco/wire/capabilities.py,aab4043726da61ba444bc480805826d2910ed4829eadadb409e8e6d2ee3bbe98,2809c90ac019c5575da655a5bdd1ac42104b408ac81bdc68d679191124de3548,f08cbd2a2f8ad02c55019476f1ae06c372e2194f48797b7e2295912a37b74f4a,7737230f1b420720752daab451baa36d7f509993bcb0dcad279522f08fc95b6f,e578f5566887ce9b1942eb5d160615a11c913d79e32a10c0c2de58dfe19ae8c7,ac0145f37397815730831e69c9dfaeb43b75d73f8b811093ef470da365379eb1,6935227c2830d6de453f19c079d3556ef747164b,/hostInfo/response/system/cpuArch,Local process CPU architecture; unknown marker when unavailable.,"Exact nested response shape; data describes the local process, not a physical MongoDB server.",PyMongo and local wire clients inspect the response; no inspected exchange requirement compares this field,Mongoeco,Mongoeco operational wire contract,owner_operational,tests/unit/wire/test_proxy.py::WireProxyAsyncUnitTests::test_static_admin_wire_response_fields_are_exact,tests/unit/wire/test_proxy.py::WireProxyAsyncUnitTests::test_static_admin_wire_requests_reject_invalid_flags_and_database,bounded_behavior_verified
Mongoeco,src/mongoeco/wire/_executor_validation.py; src/mongoeco/wire/_executor_support.py; src/mongoeco/wire/_executor_passthrough.py; src/mongoeco/api/_async/database_commands.py; src/mongoeco/wire/connections.py; src/mongoeco/wire/capabilities.py,aab4043726da61ba444bc480805826d2910ed4829eadadb409e8e6d2ee3bbe98,2809c90ac019c5575da655a5bdd1ac42104b408ac81bdc68d679191124de3548,f08cbd2a2f8ad02c55019476f1ae06c372e2194f48797b7e2295912a37b74f4a,7737230f1b420720752daab451baa36d7f509993bcb0dcad279522f08fc95b6f,e578f5566887ce9b1942eb5d160615a11c913d79e32a10c0c2de58dfe19ae8c7,ac0145f37397815730831e69c9dfaeb43b75d73f8b811093ef470da365379eb1,6935227c2830d6de453f19c079d3556ef747164b,/hostInfo/response/system/numCores,Local process CPU count with one as fallback.,"Exact nested response shape; data describes the local process, not a physical MongoDB server.",PyMongo and local wire clients inspect the response; no inspected exchange requirement compares this field,Mongoeco,Mongoeco operational wire contract,owner_operational,tests/unit/wire/test_proxy.py::WireProxyAsyncUnitTests::test_static_admin_wire_response_fields_are_exact,tests/unit/wire/test_proxy.py::WireProxyAsyncUnitTests::test_static_admin_wire_requests_reject_invalid_flags_and_database,bounded_behavior_verified
Mongoeco,src/mongoeco/wire/_executor_validation.py; src/mongoeco/wire/_executor_support.py; src/mongoeco/wire/_executor_passthrough.py; src/mongoeco/api/_async/database_commands.py; src/mongoeco/wire/connections.py; src/mongoeco/wire/capabilities.py,aab4043726da61ba444bc480805826d2910ed4829eadadb409e8e6d2ee3bbe98,2809c90ac019c5575da655a5bdd1ac42104b408ac81bdc68d679191124de3548,f08cbd2a2f8ad02c55019476f1ae06c372e2194f48797b7e2295912a37b74f4a,7737230f1b420720752daab451baa36d7f509993bcb0dcad279522f08fc95b6f,e578f5566887ce9b1942eb5d160615a11c913d79e32a10c0c2de58dfe19ae8c7,ac0145f37397815730831e69c9dfaeb43b75d73f8b811093ef470da365379eb1,6935227c2830d6de453f19c079d3556ef747164b,/hostInfo/response/system/memSizeMB,Constant zero placeholder; not an observed memory capacity.,"Exact nested response shape; data describes the local process, not a physical MongoDB server.",PyMongo and local wire clients inspect the response; no inspected exchange requirement compares this field,Mongoeco,Mongoeco operational wire contract,owner_operational,tests/unit/wire/test_proxy.py::WireProxyAsyncUnitTests::test_static_admin_wire_response_fields_are_exact,tests/unit/wire/test_proxy.py::WireProxyAsyncUnitTests::test_static_admin_wire_requests_reject_invalid_flags_and_database,bounded_behavior_verified
Mongoeco,src/mongoeco/wire/_executor_validation.py; src/mongoeco/wire/_executor_support.py; src/mongoeco/wire/_executor_passthrough.py; src/mongoeco/api/_async/database_commands.py; src/mongoeco/wire/connections.py; src/mongoeco/wire/capabilities.py,aab4043726da61ba444bc480805826d2910ed4829eadadb409e8e6d2ee3bbe98,2809c90ac019c5575da655a5bdd1ac42104b408ac81bdc68d679191124de3548,f08cbd2a2f8ad02c55019476f1ae06c372e2194f48797b7e2295912a37b74f4a,7737230f1b420720752daab451baa36d7f509993bcb0dcad279522f08fc95b6f,e578f5566887ce9b1942eb5d160615a11c913d79e32a10c0c2de58dfe19ae8c7,ac0145f37397815730831e69c9dfaeb43b75d73f8b811093ef470da365379eb1,6935227c2830d6de453f19c079d3556ef747164b,/hostInfo/response/os/type,Local process operating-system type.,"Exact nested response shape; data describes the local process, not a physical MongoDB server.",PyMongo and local wire clients inspect the response; no inspected exchange requirement compares this field,Mongoeco,Mongoeco operational wire contract,owner_operational,tests/unit/wire/test_proxy.py::WireProxyAsyncUnitTests::test_static_admin_wire_response_fields_are_exact,tests/unit/wire/test_proxy.py::WireProxyAsyncUnitTests::test_static_admin_wire_requests_reject_invalid_flags_and_database,bounded_behavior_verified
Mongoeco,src/mongoeco/wire/_executor_validation.py; src/mongoeco/wire/_executor_support.py; src/mongoeco/wire/_executor_passthrough.py; src/mongoeco/api/_async/database_commands.py; src/mongoeco/wire/connections.py; src/mongoeco/wire/capabilities.py,aab4043726da61ba444bc480805826d2910ed4829eadadb409e8e6d2ee3bbe98,2809c90ac019c5575da655a5bdd1ac42104b408ac81bdc68d679191124de3548,f08cbd2a2f8ad02c55019476f1ae06c372e2194f48797b7e2295912a37b74f4a,7737230f1b420720752daab451baa36d7f509993bcb0dcad279522f08fc95b6f,e578f5566887ce9b1942eb5d160615a11c913d79e32a10c0c2de58dfe19ae8c7,ac0145f37397815730831e69c9dfaeb43b75d73f8b811093ef470da365379eb1,6935227c2830d6de453f19c079d3556ef747164b,/hostInfo/response/os/name,Local platform description.,"Exact nested response shape; data describes the local process, not a physical MongoDB server.",PyMongo and local wire clients inspect the response; no inspected exchange requirement compares this field,Mongoeco,Mongoeco operational wire contract,owner_operational,tests/unit/wire/test_proxy.py::WireProxyAsyncUnitTests::test_static_admin_wire_response_fields_are_exact,tests/unit/wire/test_proxy.py::WireProxyAsyncUnitTests::test_static_admin_wire_requests_reject_invalid_flags_and_database,bounded_behavior_verified
Mongoeco,src/mongoeco/wire/_executor_validation.py; src/mongoeco/wire/_executor_support.py; src/mongoeco/wire/_executor_passthrough.py; src/mongoeco/api/_async/database_commands.py; src/mongoeco/wire/connections.py; src/mongoeco/wire/capabilities.py,aab4043726da61ba444bc480805826d2910ed4829eadadb409e8e6d2ee3bbe98,2809c90ac019c5575da655a5bdd1ac42104b408ac81bdc68d679191124de3548,f08cbd2a2f8ad02c55019476f1ae06c372e2194f48797b7e2295912a37b74f4a,7737230f1b420720752daab451baa36d7f509993bcb0dcad279522f08fc95b6f,e578f5566887ce9b1942eb5d160615a11c913d79e32a10c0c2de58dfe19ae8c7,ac0145f37397815730831e69c9dfaeb43b75d73f8b811093ef470da365379eb1,6935227c2830d6de453f19c079d3556ef747164b,/hostInfo/response/os/version,Local platform version string.,"Exact nested response shape; data describes the local process, not a physical MongoDB server.",PyMongo and local wire clients inspect the response; no inspected exchange requirement compares this field,Mongoeco,Mongoeco operational wire contract,owner_operational,tests/unit/wire/test_proxy.py::WireProxyAsyncUnitTests::test_static_admin_wire_response_fields_are_exact,tests/unit/wire/test_proxy.py::WireProxyAsyncUnitTests::test_static_admin_wire_requests_reject_invalid_flags_and_database,bounded_behavior_verified
Mongoeco,src/mongoeco/wire/_executor_validation.py; src/mongoeco/wire/_executor_support.py; src/mongoeco/wire/_executor_passthrough.py; src/mongoeco/api/_async/database_commands.py; src/mongoeco/wire/connections.py; src/mongoeco/wire/capabilities.py,aab4043726da61ba444bc480805826d2910ed4829eadadb409e8e6d2ee3bbe98,2809c90ac019c5575da655a5bdd1ac42104b408ac81bdc68d679191124de3548,f08cbd2a2f8ad02c55019476f1ae06c372e2194f48797b7e2295912a37b74f4a,7737230f1b420720752daab451baa36d7f509993bcb0dcad279522f08fc95b6f,e578f5566887ce9b1942eb5d160615a11c913d79e32a10c0c2de58dfe19ae8c7,ac0145f37397815730831e69c9dfaeb43b75d73f8b811093ef470da365379eb1,6935227c2830d6de453f19c079d3556ef747164b,/hostInfo/response/extra/pythonVersion,Python runtime version of the local process.,"Exact nested response shape; data describes the local process, not a physical MongoDB server.",PyMongo and local wire clients inspect the response; no inspected exchange requirement compares this field,Mongoeco,Mongoeco operational wire contract,owner_operational,tests/unit/wire/test_proxy.py::WireProxyAsyncUnitTests::test_static_admin_wire_response_fields_are_exact,tests/unit/wire/test_proxy.py::WireProxyAsyncUnitTests::test_static_admin_wire_requests_reject_invalid_flags_and_database,bounded_behavior_verified
Mongoeco,src/mongoeco/wire/_executor_validation.py; src/mongoeco/wire/_executor_support.py; src/mongoeco/wire/_executor_passthrough.py; src/mongoeco/api/_async/database_commands.py; src/mongoeco/wire/connections.py; src/mongoeco/wire/capabilities.py,aab4043726da61ba444bc480805826d2910ed4829eadadb409e8e6d2ee3bbe98,2809c90ac019c5575da655a5bdd1ac42104b408ac81bdc68d679191124de3548,f08cbd2a2f8ad02c55019476f1ae06c372e2194f48797b7e2295912a37b74f4a,7737230f1b420720752daab451baa36d7f509993bcb0dcad279522f08fc95b6f,e578f5566887ce9b1942eb5d160615a11c913d79e32a10c0c2de58dfe19ae8c7,ac0145f37397815730831e69c9dfaeb43b75d73f8b811093ef470da365379eb1,6935227c2830d6de453f19c079d3556ef747164b,/hostInfo/response/ok,Successful local command status 1.0.,"Exact nested response shape; data describes the local process, not a physical MongoDB server.",PyMongo and local wire clients inspect the response; no inspected exchange requirement compares this field,Mongoeco,Mongoeco operational wire contract,owner_operational,tests/unit/wire/test_proxy.py::WireProxyAsyncUnitTests::test_static_admin_wire_response_fields_are_exact,tests/unit/wire/test_proxy.py::WireProxyAsyncUnitTests::test_static_admin_wire_requests_reject_invalid_flags_and_database,bounded_behavior_verified
Mongoeco,src/mongoeco/wire/_executor_validation.py; src/mongoeco/wire/_executor_support.py; src/mongoeco/wire/_executor_passthrough.py; src/mongoeco/api/_async/database_commands.py; src/mongoeco/wire/connections.py; src/mongoeco/wire/capabilities.py,aab4043726da61ba444bc480805826d2910ed4829eadadb409e8e6d2ee3bbe98,2809c90ac019c5575da655a5bdd1ac42104b408ac81bdc68d679191124de3548,f08cbd2a2f8ad02c55019476f1ae06c372e2194f48797b7e2295912a37b74f4a,7737230f1b420720752daab451baa36d7f509993bcb0dcad279522f08fc95b6f,e578f5566887ce9b1942eb5d160615a11c913d79e32a10c0c2de58dfe19ae8c7,ac0145f37397815730831e69c9dfaeb43b75d73f8b811093ef470da365379eb1,6935227c2830d6de453f19c079d3556ef747164b,/getCmdLineOpts/response/argv,Arguments of the local Mongoeco process.,"Exact nested response shape; this is process-local inspection, not deployment configuration evidence.",PyMongo and local wire clients inspect the response; no inspected exchange requirement compares this field,Mongoeco,Mongoeco operational wire contract,owner_operational,tests/unit/wire/test_proxy.py::WireProxyAsyncUnitTests::test_static_admin_wire_response_fields_are_exact,tests/unit/wire/test_proxy.py::WireProxyAsyncUnitTests::test_static_admin_wire_requests_reject_invalid_flags_and_database,bounded_behavior_verified
Mongoeco,src/mongoeco/wire/_executor_validation.py; src/mongoeco/wire/_executor_support.py; src/mongoeco/wire/_executor_passthrough.py; src/mongoeco/api/_async/database_commands.py; src/mongoeco/wire/connections.py; src/mongoeco/wire/capabilities.py,aab4043726da61ba444bc480805826d2910ed4829eadadb409e8e6d2ee3bbe98,2809c90ac019c5575da655a5bdd1ac42104b408ac81bdc68d679191124de3548,f08cbd2a2f8ad02c55019476f1ae06c372e2194f48797b7e2295912a37b74f4a,7737230f1b420720752daab451baa36d7f509993bcb0dcad279522f08fc95b6f,e578f5566887ce9b1942eb5d160615a11c913d79e32a10c0c2de58dfe19ae8c7,ac0145f37397815730831e69c9dfaeb43b75d73f8b811093ef470da365379eb1,6935227c2830d6de453f19c079d3556ef747164b,/getCmdLineOpts/response/parsed/net/bindIp,Constant local bindIp marker 127.0.0.1.,"Exact nested response shape; this is process-local inspection, not deployment configuration evidence.",PyMongo and local wire clients inspect the response; no inspected exchange requirement compares this field,Mongoeco,Mongoeco operational wire contract,owner_operational,tests/unit/wire/test_proxy.py::WireProxyAsyncUnitTests::test_static_admin_wire_response_fields_are_exact,tests/unit/wire/test_proxy.py::WireProxyAsyncUnitTests::test_static_admin_wire_requests_reject_invalid_flags_and_database,bounded_behavior_verified
Mongoeco,src/mongoeco/wire/_executor_validation.py; src/mongoeco/wire/_executor_support.py; src/mongoeco/wire/_executor_passthrough.py; src/mongoeco/api/_async/database_commands.py; src/mongoeco/wire/connections.py; src/mongoeco/wire/capabilities.py,aab4043726da61ba444bc480805826d2910ed4829eadadb409e8e6d2ee3bbe98,2809c90ac019c5575da655a5bdd1ac42104b408ac81bdc68d679191124de3548,f08cbd2a2f8ad02c55019476f1ae06c372e2194f48797b7e2295912a37b74f4a,7737230f1b420720752daab451baa36d7f509993bcb0dcad279522f08fc95b6f,e578f5566887ce9b1942eb5d160615a11c913d79e32a10c0c2de58dfe19ae8c7,ac0145f37397815730831e69c9dfaeb43b75d73f8b811093ef470da365379eb1,6935227c2830d6de453f19c079d3556ef747164b,/getCmdLineOpts/response/parsed/net/port,Constant zero configuration placeholder; not the effective listener port.,"Exact nested response shape; this is process-local inspection, not deployment configuration evidence.",PyMongo and local wire clients inspect the response; no inspected exchange requirement compares this field,Mongoeco,Mongoeco operational wire contract,owner_operational,tests/unit/wire/test_proxy.py::WireProxyAsyncUnitTests::test_static_admin_wire_response_fields_are_exact,tests/unit/wire/test_proxy.py::WireProxyAsyncUnitTests::test_static_admin_wire_requests_reject_invalid_flags_and_database,bounded_behavior_verified
Mongoeco,src/mongoeco/wire/_executor_validation.py; src/mongoeco/wire/_executor_support.py; src/mongoeco/wire/_executor_passthrough.py; src/mongoeco/api/_async/database_commands.py; src/mongoeco/wire/connections.py; src/mongoeco/wire/capabilities.py,aab4043726da61ba444bc480805826d2910ed4829eadadb409e8e6d2ee3bbe98,2809c90ac019c5575da655a5bdd1ac42104b408ac81bdc68d679191124de3548,f08cbd2a2f8ad02c55019476f1ae06c372e2194f48797b7e2295912a37b74f4a,7737230f1b420720752daab451baa36d7f509993bcb0dcad279522f08fc95b6f,e578f5566887ce9b1942eb5d160615a11c913d79e32a10c0c2de58dfe19ae8c7,ac0145f37397815730831e69c9dfaeb43b75d73f8b811093ef470da365379eb1,6935227c2830d6de453f19c079d3556ef747164b,/getCmdLineOpts/response/parsed/storage,Empty object; no storage configuration is asserted.,"Exact nested response shape; this is process-local inspection, not deployment configuration evidence.",PyMongo and local wire clients inspect the response; no inspected exchange requirement compares this field,Mongoeco,Mongoeco operational wire contract,owner_operational,tests/unit/wire/test_proxy.py::WireProxyAsyncUnitTests::test_static_admin_wire_response_fields_are_exact,tests/unit/wire/test_proxy.py::WireProxyAsyncUnitTests::test_static_admin_wire_requests_reject_invalid_flags_and_database,bounded_behavior_verified
Mongoeco,src/mongoeco/wire/_executor_validation.py; src/mongoeco/wire/_executor_support.py; src/mongoeco/wire/_executor_passthrough.py; src/mongoeco/api/_async/database_commands.py; src/mongoeco/wire/connections.py; src/mongoeco/wire/capabilities.py,aab4043726da61ba444bc480805826d2910ed4829eadadb409e8e6d2ee3bbe98,2809c90ac019c5575da655a5bdd1ac42104b408ac81bdc68d679191124de3548,f08cbd2a2f8ad02c55019476f1ae06c372e2194f48797b7e2295912a37b74f4a,7737230f1b420720752daab451baa36d7f509993bcb0dcad279522f08fc95b6f,e578f5566887ce9b1942eb5d160615a11c913d79e32a10c0c2de58dfe19ae8c7,ac0145f37397815730831e69c9dfaeb43b75d73f8b811093ef470da365379eb1,6935227c2830d6de453f19c079d3556ef747164b,/getCmdLineOpts/response/ok,Successful local command status 1.0.,"Exact nested response shape; this is process-local inspection, not deployment configuration evidence.",PyMongo and local wire clients inspect the response; no inspected exchange requirement compares this field,Mongoeco,Mongoeco operational wire contract,owner_operational,tests/unit/wire/test_proxy.py::WireProxyAsyncUnitTests::test_static_admin_wire_response_fields_are_exact,tests/unit/wire/test_proxy.py::WireProxyAsyncUnitTests::test_static_admin_wire_requests_reject_invalid_flags_and_database,bounded_behavior_verified
Mongoeco,src/mongoeco/wire/_executor_validation.py; src/mongoeco/wire/_executor_support.py; src/mongoeco/wire/_executor_passthrough.py; src/mongoeco/api/_async/database_commands.py; src/mongoeco/wire/connections.py; src/mongoeco/wire/capabilities.py,aab4043726da61ba444bc480805826d2910ed4829eadadb409e8e6d2ee3bbe98,2809c90ac019c5575da655a5bdd1ac42104b408ac81bdc68d679191124de3548,f08cbd2a2f8ad02c55019476f1ae06c372e2194f48797b7e2295912a37b74f4a,7737230f1b420720752daab451baa36d7f509993bcb0dcad279522f08fc95b6f,e578f5566887ce9b1942eb5d160615a11c913d79e32a10c0c2de58dfe19ae8c7,ac0145f37397815730831e69c9dfaeb43b75d73f8b811093ef470da365379eb1,6935227c2830d6de453f19c079d3556ef747164b,/whatsmyuri/response/you,"Peer address of the current wire connection, including its observed port.",Changes with connection context; embedded API has no wire peer and retains its separate placeholder result.,PyMongo and local wire clients inspect the response; no inspected exchange requirement compares this field,Mongoeco,Mongoeco operational wire contract,owner_operational,tests/unit/wire/test_proxy.py::WireProxyAsyncUnitTests::test_static_admin_wire_response_fields_are_exact; tests/integration/wire/test_proxy.py::WireProxyIntegrationTests::test_proxy_supports_admin_introspection_and_profile_commands_through_pymongo,tests/unit/wire/test_proxy.py::WireProxyAsyncUnitTests::test_static_admin_wire_requests_reject_invalid_flags_and_database,bounded_behavior_verified
Mongoeco,src/mongoeco/wire/_executor_validation.py; src/mongoeco/wire/_executor_support.py; src/mongoeco/wire/_executor_passthrough.py; src/mongoeco/api/_async/database_commands.py; src/mongoeco/wire/connections.py; src/mongoeco/wire/capabilities.py,aab4043726da61ba444bc480805826d2910ed4829eadadb409e8e6d2ee3bbe98,2809c90ac019c5575da655a5bdd1ac42104b408ac81bdc68d679191124de3548,f08cbd2a2f8ad02c55019476f1ae06c372e2194f48797b7e2295912a37b74f4a,7737230f1b420720752daab451baa36d7f509993bcb0dcad279522f08fc95b6f,e578f5566887ce9b1942eb5d160615a11c913d79e32a10c0c2de58dfe19ae8c7,ac0145f37397815730831e69c9dfaeb43b75d73f8b811093ef470da365379eb1,6935227c2830d6de453f19c079d3556ef747164b,/whatsmyuri/response/ok,Successful local command status 1.0.,Exact two-field response for the current wire connection.,PyMongo and local wire clients inspect the response; no inspected exchange requirement compares this field,Mongoeco,Mongoeco operational wire contract,owner_operational,tests/unit/wire/test_proxy.py::WireProxyAsyncUnitTests::test_static_admin_wire_response_fields_are_exact,tests/unit/wire/test_proxy.py::WireProxyAsyncUnitTests::test_static_admin_wire_requests_reject_invalid_flags_and_database,bounded_behavior_verified
